x-axis,1,2
second,Volt,Volt
+31.10000E-03,+69.46733594E+00,+1.19120602E+00
+31.12900E-03,+70.23919523E+00,+1.17864320E+00
+31.15800E-03,+69.61205956E+00,+1.15477386E+00
+31.18700E-03,+69.46733594E+00,+1.15100501E+00
+31.21600E-03,+69.61205956E+00,+1.17110551E+00
+31.24500E-03,+69.99798920E+00,+1.17110551E+00
+31.27400E-03,+69.46733594E+00,+1.15477386E+00
+31.30300E-03,+69.70854197E+00,+1.15728642E+00
+31.33200E-03,+70.09447161E+00,+1.15477386E+00
+31.36100E-03,+70.23919523E+00,+1.15728642E+00
+31.39000E-03,+70.23919523E+00,+1.15100501E+00
+31.41900E-03,+69.46733594E+00,+1.15100501E+00
+31.44800E-03,+70.86633090E+00,+1.17110551E+00
+31.47700E-03,+0.0E+00,-48.74372E-03
+31.50600E-03,+144.72362E-03,-38.69347E-03
+31.53500E-03,+530.65326E-03,-34.92462E-03
+31.56400E-03,+627.13567E-03,-34.92462E-03
+31.59300E-03,+530.65326E-03,-34.92462E-03
+31.62200E-03,+0.0E+00,-38.69347E-03
+31.65100E-03,+0.0E+00,-34.92462E-03
+31.68000E-03,+0.0E+00,-34.92462E-03
+31.70900E-03,+241.20603E-03,-48.74372E-03
+31.73800E-03,+0.0E+00,-34.92462E-03
+31.76700E-03,+0.0E+00,-34.92462E-03
+31.79600E-03,-627.13567E-03,-47.48744E-03
+31.82500E-03,+0.0E+00,-34.92462E-03
+31.85400E-03,+0.0E+00,-34.92462E-03
+31.88300E-03,+0.0E+00,-41.20603E-03
+31.91200E-03,+627.13567E-03,-18.59297E-03
+31.94100E-03,+530.65326E-03,-34.92462E-03
+31.97000E-03,+627.13567E-03,-55.02513E-03
+31.99900E-03,+771.85929E-03,-48.74372E-03
+32.02800E-03,+0.0E+00,-58.79397E-03
+32.05700E-03,+0.0E+00,-34.92462E-03
+32.08600E-03,+0.0E+00,-38.69347E-03
+32.11500E-03,+0.0E+00,-14.82412E-03
+32.14400E-03,+0.0E+00,-38.69347E-03
+32.17300E-03,+530.65326E-03,-48.74372E-03
+32.20200E-03,+0.0E+00,-34.92462E-03
+32.23100E-03,+0.0E+00,-28.64322E-03
+32.26000E-03,+0.0E+00,-18.59297E-03
+32.28900E-03,+289.44723E-03,-21.10553E-03
+32.31800E-03,+0.0E+00,-31.15578E-03
+32.34700E-03,+0.0E+00,-34.92462E-03
+32.37600E-03,+0.0E+00,-34.92462E-03
+32.40500E-03,+0.0E+00,-34.92462E-03
+32.43400E-03,-627.13567E-03,-51.25628E-03
+32.46300E-03,+0.0E+00,-34.92462E-03
+32.49200E-03,+144.72362E-03,-51.25628E-03
+32.52100E-03,+241.20603E-03,-34.92462E-03
+32.55000E-03,+0.0E+00,-34.92462E-03
+32.57900E-03,+0.0E+00,-28.64322E-03
+32.60800E-03,+0.0E+00,-18.59297E-03
+32.63700E-03,+0.0E+00,-48.74372E-03
+32.66600E-03,+0.0E+00,-34.92462E-03
+32.69500E-03,+0.0E+00,-21.10553E-03
+32.72400E-03,+0.0E+00,-55.02513E-03
+32.75300E-03,+0.0E+00,-48.74372E-03
+32.78200E-03,+144.72362E-03,-34.92462E-03
+32.81100E-03,-241.20603E-03,-34.92462E-03
+32.84000E-03,+482.41206E-03,-38.69347E-03
+32.86900E-03,+0.0E+00,-34.92462E-03
+32.89800E-03,+0.0E+00,-34.92462E-03
+32.92700E-03,+241.20603E-03,-21.10553E-03
+32.95600E-03,+0.0E+00,-34.92462E-03
+32.98500E-03,+0.0E+00,-34.92462E-03
+33.01400E-03,+144.72362E-03,-34.92462E-03
+33.04300E-03,+241.20603E-03,-34.92462E-03
+33.07200E-03,-627.13567E-03,-22.36181E-03
+33.10100E-03,+0.0E+00,-41.20603E-03
+33.13000E-03,+0.0E+00,-34.92462E-03
+33.15900E-03,+0.0E+00,-21.10553E-03
+33.18800E-03,+0.0E+00,-55.02513E-03
+33.21700E-03,+0.0E+00,-48.74372E-03
+33.24600E-03,+0.0E+00,-38.69347E-03
+33.27500E-03,+530.65326E-03,-41.20603E-03
+33.30400E-03,+0.0E+00,-51.25628E-03
+33.33300E-03,+0.0E+00,-28.64322E-03
+33.36200E-03,+0.0E+00,-51.25628E-03
+33.39100E-03,+530.65326E-03,-21.10553E-03
+33.42000E-03,+0.0E+00,-55.02513E-03
+33.44900E-03,+0.0E+00,-28.64322E-03
+33.47800E-03,+0.0E+00,-31.15578E-03
+33.50700E-03,+0.0E+00,-34.92462E-03
+33.53600E-03,+0.0E+00,-47.48744E-03
+33.56500E-03,+0.0E+00,-55.02513E-03
+33.59400E-03,+0.0E+00,-22.36181E-03
+33.62300E-03,+530.65326E-03,-34.92462E-03
+33.65200E-03,+0.0E+00,-34.92462E-03
+33.68100E-03,+0.0E+00,-48.74372E-03
+33.71000E-03,+0.0E+00,-34.92462E-03
+33.73900E-03,-530.65326E-03,-34.92462E-03
+33.76800E-03,+0.0E+00,-22.36181E-03
+33.79700E-03,+0.0E+00,-41.20603E-03
+33.82600E-03,+627.13567E-03,-51.25628E-03
+33.85500E-03,+0.0E+00,-34.92462E-03
+33.88400E-03,-144.72362E-03,-51.25628E-03
+33.91300E-03,+0.0E+00,-68.84422E-03
+33.94200E-03,+0.0E+00,-34.92462E-03
+33.97100E-03,+241.20603E-03,-34.92462E-03
+34.00000E-03,+627.13567E-03,-38.69347E-03
+34.02900E-03,-530.65326E-03,-41.20603E-03
+34.05800E-03,+0.0E+00,-38.69347E-03
+34.08700E-03,+0.0E+00,-34.92462E-03
+34.11600E-03,+0.0E+00,-34.92462E-03
+34.14500E-03,+0.0E+00,-27.38694E-03
+34.17400E-03,+0.0E+00,-38.69347E-03
+34.20300E-03,+530.65326E-03,-42.46231E-03
+34.23200E-03,+0.0E+00,-51.25628E-03
+34.26100E-03,+0.0E+00,-14.82412E-03
+34.29000E-03,+144.72362E-03,-55.02513E-03
+34.31900E-03,+530.65326E-03,-34.92462E-03
+34.34800E-03,-627.13567E-03,-38.69347E-03
+34.37700E-03,+0.0E+00,-34.92462E-03
+34.40600E-03,+0.0E+00,-31.15578E-03
+34.43500E-03,-241.20603E-03,-48.74372E-03
+34.46400E-03,+0.0E+00,-18.59297E-03
+34.49300E-03,-530.65326E-03,-34.92462E-03
+34.52200E-03,+0.0E+00,-34.92462E-03
+34.55100E-03,+0.0E+00,-34.92462E-03
+34.58000E-03,+0.0E+00,-34.92462E-03
+34.60900E-03,-530.65326E-03,-55.02513E-03
+34.63800E-03,+144.72362E-03,-34.92462E-03
+34.66700E-03,+0.0E+00,-21.10553E-03
+34.69600E-03,+0.0E+00,-51.25628E-03
+34.72500E-03,+0.0E+00,-34.92462E-03
+34.75400E-03,+627.13567E-03,-38.69347E-03
+34.78300E-03,+0.0E+00,-27.38694E-03
+34.81200E-03,+0.0E+00,-18.59297E-03
+34.84100E-03,+0.0E+00,-48.74372E-03
+34.87000E-03,+0.0E+00,-51.25628E-03
+34.89900E-03,+0.0E+00,-47.48744E-03
+34.92800E-03,+0.0E+00,-14.82412E-03
+34.95700E-03,+241.20603E-03,-48.74372E-03
+34.98600E-03,-144.72362E-03,-34.92462E-03
+35.01500E-03,+0.0E+00,-34.92462E-03
+35.04400E-03,+0.0E+00,-34.92462E-03
+35.07300E-03,+0.0E+00,-41.20603E-03
+35.10200E-03,+627.13567E-03,-38.69347E-03
+35.13100E-03,+771.85929E-03,-41.20603E-03
+35.16000E-03,-627.13567E-03,-38.69347E-03
+35.18900E-03,+0.0E+00,-34.92462E-03
+35.21800E-03,+0.0E+00,-38.69347E-03
+35.24700E-03,+0.0E+00,-34.92462E-03
+35.27600E-03,+0.0E+00,-51.25628E-03
+35.30500E-03,+0.0E+00,-21.10553E-03
+35.33400E-03,+0.0E+00,-38.69347E-03
+35.36300E-03,+0.0E+00,-48.74372E-03
+35.39200E-03,+144.72362E-03,-18.59297E-03
+35.42100E-03,+0.0E+00,-34.92462E-03
+35.45000E-03,+0.0E+00,-38.69347E-03
+35.47900E-03,+0.0E+00,-34.92462E-03
+35.50800E-03,+627.13567E-03,-51.25628E-03
+35.53700E-03,+0.0E+00,-55.02513E-03
+35.56600E-03,+0.0E+00,-38.69347E-03
+35.59500E-03,+0.0E+00,-21.10553E-03
+35.62400E-03,+771.85929E-03,-55.02513E-03
+35.65300E-03,+530.65326E-03,-48.74372E-03
+35.68200E-03,+0.0E+00,-51.25628E-03
+35.71100E-03,+0.0E+00,-48.74372E-03
+35.74000E-03,+0.0E+00,-18.59297E-03
+35.76900E-03,+241.20603E-03,-41.20603E-03
+35.79800E-03,+0.0E+00,-47.48744E-03
+35.82700E-03,+0.0E+00,-48.74372E-03
+35.85600E-03,+0.0E+00,-67.58794E-03
+35.88500E-03,+0.0E+00,-41.20603E-03
+35.91400E-03,+0.0E+00,-51.25628E-03
+35.94300E-03,+0.0E+00,-55.02513E-03
+35.97200E-03,+627.13567E-03,-38.69347E-03
+36.00100E-03,+0.0E+00,-34.92462E-03
+36.03000E-03,+0.0E+00,-38.69347E-03
+36.05900E-03,+0.0E+00,-34.92462E-03
+36.08800E-03,-627.13567E-03,-38.69347E-03
+36.11700E-03,+0.0E+00,-21.10553E-03
+36.14600E-03,+0.0E+00,-34.92462E-03
+36.17500E-03,+0.0E+00,-34.92462E-03
+36.20400E-03,+0.0E+00,-34.92462E-03
+36.23300E-03,-530.65326E-03,-48.74372E-03
+36.26200E-03,+0.0E+00,-31.15578E-03
+36.29100E-03,+0.0E+00,-28.64322E-03
+36.32000E-03,-144.72362E-03,-38.69347E-03
+36.34900E-03,+0.0E+00,-34.92462E-03
+36.37800E-03,+144.72362E-03,-34.92462E-03
+36.40700E-03,+0.0E+00,-34.92462E-03
+36.43600E-03,-144.72362E-03,-34.92462E-03
+36.46500E-03,+0.0E+00,-21.10553E-03
+36.49400E-03,+0.0E+00,-22.36181E-03
+36.52300E-03,-241.20603E-03,-34.92462E-03
+36.55200E-03,+0.0E+00,-18.59297E-03
+36.58100E-03,+0.0E+00,-41.20603E-03
+36.61000E-03,+0.0E+00,-18.59297E-03
+36.63900E-03,+771.85929E-03,-34.92462E-03
+36.66800E-03,+0.0E+00,-34.92462E-03
+36.69700E-03,+0.0E+00,-34.92462E-03
+36.72600E-03,+0.0E+00,-47.48744E-03
+36.75500E-03,+0.0E+00,-41.20603E-03
+36.78400E-03,+0.0E+00,-34.92462E-03
+36.81300E-03,+241.20603E-03,-48.74372E-03
+36.84200E-03,-627.13567E-03,-22.36181E-03
+36.87100E-03,+0.0E+00,-34.92462E-03
+36.90000E-03,+0.0E+00,-34.92462E-03
+36.92900E-03,+0.0E+00,-48.74372E-03
+36.95800E-03,-482.41206E-03,-51.25628E-03
+36.98700E-03,+530.65326E-03,-28.64322E-03
+37.01600E-03,-482.41206E-03,-34.92462E-03
+37.04500E-03,+241.20603E-03,-34.92462E-03
+37.07400E-03,+144.72362E-03,-34.92462E-03
+37.10300E-03,+0.0E+00,-21.10553E-03
+37.13200E-03,+0.0E+00,-18.59297E-03
+37.16100E-03,-241.20603E-03,-48.74372E-03
+37.19000E-03,+627.13567E-03,-55.02513E-03
+37.21900E-03,-530.65326E-03,-34.92462E-03
+37.24800E-03,-627.13567E-03,-31.15578E-03
+37.27700E-03,+0.0E+00,-34.92462E-03
+37.30600E-03,+0.0E+00,-38.69347E-03
+37.33500E-03,+0.0E+00,-48.74372E-03
+37.36400E-03,+144.72362E-03,-34.92462E-03
+37.39300E-03,+530.65326E-03,-34.92462E-03
+37.42200E-03,+0.0E+00,-34.92462E-03
+37.45100E-03,+0.0E+00,-41.20603E-03
+37.48000E-03,+0.0E+00,-34.92462E-03
+37.50900E-03,+0.0E+00,-34.92462E-03
+37.53800E-03,+0.0E+00,-31.15578E-03
+37.56700E-03,+0.0E+00,-41.20603E-03
+37.59600E-03,-627.13567E-03,-38.69347E-03
+37.62500E-03,+241.20603E-03,-41.20603E-03
+37.65400E-03,+0.0E+00,-55.02513E-03
+37.68300E-03,+241.20603E-03,-34.92462E-03
+37.71200E-03,-144.72362E-03,-22.36181E-03
+37.74100E-03,+530.65326E-03,-21.10553E-03
+37.77000E-03,+0.0E+00,-34.92462E-03
+37.79900E-03,+0.0E+00,-41.20603E-03
+37.82800E-03,+0.0E+00,-34.92462E-03
+37.85700E-03,+241.20603E-03,-55.02513E-03
+37.88600E-03,+0.0E+00,-34.92462E-03
+37.91500E-03,+0.0E+00,-48.74372E-03
+37.94400E-03,+144.72362E-03,-31.15578E-03
+37.97300E-03,+0.0E+00,-41.20603E-03
+38.00200E-03,+0.0E+00,-38.69347E-03
+38.03100E-03,+241.20603E-03,-41.20603E-03
+38.06000E-03,+0.0E+00,-34.92462E-03
+38.08900E-03,+530.65326E-03,-28.64322E-03
+38.11800E-03,+0.0E+00,-34.92462E-03
+38.14700E-03,+0.0E+00,-21.10553E-03
+38.17600E-03,+627.13567E-03,-34.92462E-03
+38.20500E-03,+0.0E+00,-41.20603E-03
+38.23400E-03,+0.0E+00,-34.92462E-03
+38.26300E-03,-530.65326E-03,-34.92462E-03
+38.29200E-03,+144.72362E-03,-34.92462E-03
+38.32100E-03,-530.65326E-03,-42.46231E-03
+38.35000E-03,+0.0E+00,-34.92462E-03
+38.37900E-03,+289.44723E-03,-55.02513E-03
+38.40800E-03,+627.13567E-03,-51.25628E-03
+38.43700E-03,+241.20603E-03,-28.64322E-03
+38.46600E-03,+0.0E+00,-55.02513E-03
+38.49500E-03,-530.65326E-03,-34.92462E-03
+38.52400E-03,+627.13567E-03,-22.36181E-03
+38.55300E-03,+241.20603E-03,-34.92462E-03
+38.58200E-03,-482.41206E-03,-34.92462E-03
+38.61100E-03,+530.65326E-03,-34.92462E-03
+38.64000E-03,-144.72362E-03,-34.92462E-03
+38.66900E-03,+0.0E+00,-28.64322E-03
+38.69800E-03,-627.13567E-03,-38.69347E-03
+38.72700E-03,-530.65326E-03,-48.74372E-03
+38.75600E-03,+627.13567E-03,-38.69347E-03
+38.78500E-03,+241.20603E-03,-21.10553E-03
+38.81400E-03,+627.13567E-03,-18.59297E-03
+38.84300E-03,+0.0E+00,-34.92462E-03
+38.87200E-03,+0.0E+00,-55.02513E-03
+38.90100E-03,+0.0E+00,-42.46231E-03
+38.93000E-03,+771.85929E-03,-34.92462E-03
+38.95900E-03,+0.0E+00,-41.20603E-03
+38.98800E-03,-482.41206E-03,-22.36181E-03
+39.01700E-03,+0.0E+00,-48.74372E-03
+39.04600E-03,+0.0E+00,-18.59297E-03
+39.07500E-03,+0.0E+00,-28.64322E-03
+39.10400E-03,+0.0E+00,-38.69347E-03
+39.13300E-03,+530.65326E-03,-21.10553E-03
+39.16200E-03,+144.72362E-03,-34.92462E-03
+39.19100E-03,+241.20603E-03,-34.92462E-03
+39.22000E-03,+0.0E+00,-34.92462E-03
+39.24900E-03,+0.0E+00,-21.10553E-03
+39.27800E-03,+627.13567E-03,-34.92462E-03
+39.30700E-03,+0.0E+00,-34.92462E-03
+39.33600E-03,+0.0E+00,-38.69347E-03
+39.36500E-03,+0.0E+00,-34.92462E-03
+39.39400E-03,+627.13567E-03,-18.59297E-03
+39.42300E-03,+0.0E+00,-28.64322E-03
+39.45200E-03,+0.0E+00,-34.92462E-03
+39.48100E-03,-241.20603E-03,-34.92462E-03
+39.51000E-03,+0.0E+00,-34.92462E-03
+39.53900E-03,+0.0E+00,-34.92462E-03
+39.56800E-03,+0.0E+00,-38.69347E-03
+39.59700E-03,+0.0E+00,-48.74372E-03
+39.62600E-03,+0.0E+00,-31.15578E-03
+39.65500E-03,+530.65326E-03,-34.92462E-03
+39.68400E-03,-627.13567E-03,-22.36181E-03
+39.71300E-03,+241.20603E-03,-48.74372E-03
+39.74200E-03,+627.13567E-03,-34.92462E-03
+39.77100E-03,+0.0E+00,-34.92462E-03
+39.80000E-03,+0.0E+00,-31.15578E-03
+39.82900E-03,+0.0E+00,-28.64322E-03
+39.85800E-03,+0.0E+00,-34.92462E-03
+39.88700E-03,-530.65326E-03,-34.92462E-03
+39.91600E-03,+627.13567E-03,-38.69347E-03
+39.94500E-03,+530.65326E-03,-34.92462E-03
+39.97400E-03,+627.13567E-03,-55.02513E-03
+40.00300E-03,+0.0E+00,-34.92462E-03
+40.03200E-03,+0.0E+00,-14.82412E-03
+40.06100E-03,+0.0E+00,-21.10553E-03
+40.09000E-03,+0.0E+00,-31.15578E-03
+40.11900E-03,+241.20603E-03,-34.92462E-03
+40.14800E-03,-627.13567E-03,-18.59297E-03
+40.17700E-03,+0.0E+00,-41.20603E-03
+40.20600E-03,+0.0E+00,-14.82412E-03
+40.23500E-03,+771.85929E-03,-21.10553E-03
+40.26400E-03,+0.0E+00,-34.92462E-03
+40.29300E-03,+0.0E+00,-41.20603E-03
+40.32200E-03,+0.0E+00,-34.92462E-03
+40.35100E-03,+241.20603E-03,-34.92462E-03
+40.38000E-03,+0.0E+00,-34.92462E-03
+40.40900E-03,+0.0E+00,-41.20603E-03
+40.43800E-03,+627.13567E-03,-34.92462E-03
+40.46700E-03,+0.0E+00,-28.64322E-03
+40.49600E-03,+0.0E+00,-51.25628E-03
+40.52500E-03,+0.0E+00,-41.20603E-03
+40.55400E-03,+0.0E+00,-34.92462E-03
+40.58300E-03,+0.0E+00,-34.92462E-03
+40.61200E-03,+0.0E+00,-38.69347E-03
+40.64100E-03,+0.0E+00,-28.64322E-03
+40.67000E-03,+0.0E+00,-34.92462E-03
+40.69900E-03,+0.0E+00,-41.20603E-03
+40.72800E-03,+627.13567E-03,-18.59297E-03
+40.75700E-03,+0.0E+00,-34.92462E-03
+40.78600E-03,+0.0E+00,-31.15578E-03
+40.81500E-03,+530.65326E-03,-41.20603E-03
+40.84400E-03,+627.13567E-03,-34.92462E-03
+40.87300E-03,+241.20603E-03,-41.20603E-03
+40.90200E-03,+0.0E+00,-34.92462E-03
+40.93100E-03,+0.0E+00,-48.74372E-03
+40.96000E-03,+0.0E+00,-34.92462E-03
+40.98900E-03,+0.0E+00,-7.28643E-03
+41.01800E-03,+144.72362E-03,-18.59297E-03
+41.04700E-03,+0.0E+00,-41.20603E-03
+41.07600E-03,+0.0E+00,-34.92462E-03
+41.10500E-03,+0.0E+00,-28.64322E-03
+41.13400E-03,+0.0E+00,-31.15578E-03
+41.16300E-03,+0.0E+00,-21.10553E-03
+41.19200E-03,+627.13567E-03,-55.02513E-03
+41.22100E-03,+0.0E+00,-28.64322E-03
+41.25000E-03,+0.0E+00,-34.92462E-03
+41.27900E-03,+0.0E+00,-34.92462E-03
+41.30800E-03,+0.0E+00,-22.36181E-03
+41.33700E-03,+530.65326E-03,-55.02513E-03
+41.36600E-03,+482.41206E-03,-47.48744E-03
+41.39500E-03,+530.65326E-03,-41.20603E-03
+41.42400E-03,-144.72362E-03,-51.25628E-03
+41.45300E-03,+771.85929E-03,-34.92462E-03
+41.48200E-03,+771.85929E-03,-91.45729E-03
+41.51100E-03,+771.85929E-03,-81.40704E-03
+41.54000E-03,+771.85929E-03,-111.55779E-03
+41.56900E-03,+771.85929E-03,-101.50754E-03
+41.59800E-03,+771.85929E-03,-111.55779E-03
+41.62700E-03,+1.25427134E+00,-88.94472E-03
+41.65600E-03,+771.85929E-03,-75.12563E-03
+41.68500E-03,+1.30251255E+00,-81.40704E-03
+41.71400E-03,+1.54371858E+00,-75.12563E-03
+41.74300E-03,+1.54371858E+00,-101.50754E-03
+41.77200E-03,+2.02613063E+00,-75.12563E-03
+41.80100E-03,+1.54371858E+00,-81.40704E-03
+41.83000E-03,+916.58290E-03,-91.45729E-03
+41.85900E-03,+1.54371858E+00,-75.12563E-03
+41.88800E-03,+1.54371858E+00,-91.45729E-03
+41.91700E-03,+1.54371858E+00,-75.12563E-03
+41.94600E-03,+1.54371858E+00,-58.79397E-03
+41.97500E-03,+1.54371858E+00,-75.12563E-03
+42.00400E-03,+1.54371858E+00,-91.45729E-03
+42.03300E-03,+1.54371858E+00,-88.94472E-03
+42.06200E-03,+1.54371858E+00,-78.89447E-03
+42.09100E-03,+2.31557786E+00,-82.66332E-03
+42.12000E-03,+1.68844219E+00,-91.45729E-03
+42.14900E-03,+2.31557786E+00,-88.94472E-03
+42.17800E-03,+2.46030148E+00,-75.12563E-03
+42.20700E-03,+1.54371858E+00,-68.84422E-03
+42.23600E-03,+1.68844219E+00,-78.89447E-03
+42.26500E-03,+1.78492460E+00,-88.94472E-03
+42.29400E-03,+1.68844219E+00,-75.12563E-03
+42.32300E-03,+2.31557786E+00,-61.30653E-03
+42.35200E-03,+2.17085425E+00,-71.35678E-03
+42.38100E-03,+1.54371858E+00,-88.94472E-03
+42.41000E-03,+2.31557786E+00,-75.12563E-03
+42.43900E-03,+1.78492460E+00,-75.12563E-03
+42.46800E-03,+2.94271354E+00,-75.12563E-03
+42.49700E-03,+2.31557786E+00,-68.84422E-03
+42.52600E-03,+2.31557786E+00,-95.22613E-03
+42.55500E-03,+2.55678389E+00,-95.22613E-03
+42.58400E-03,+2.46030148E+00,-91.45729E-03
+42.61300E-03,+3.08743715E+00,-55.02513E-03
+42.64200E-03,+2.79798992E+00,-55.02513E-03
+42.67100E-03,+2.84623113E+00,-88.94472E-03
+42.70000E-03,+2.46030148E+00,-75.12563E-03
+42.72900E-03,+3.08743715E+00,-75.12563E-03
+42.75800E-03,+2.46030148E+00,-62.56282E-03
+42.78700E-03,+2.55678389E+00,-88.94472E-03
+42.81600E-03,+3.71457282E+00,-75.12563E-03
+42.84500E-03,+2.55678389E+00,-88.94472E-03
+42.87400E-03,+3.23216077E+00,-75.12563E-03
+42.90300E-03,+3.08743715E+00,-61.30653E-03
+42.93200E-03,+3.08743715E+00,-95.22613E-03
+42.96100E-03,+3.32864318E+00,-87.68844E-03
+42.99000E-03,+3.23216077E+00,-91.45729E-03
+43.01900E-03,+3.08743715E+00,-87.68844E-03
+43.04800E-03,+3.85929644E+00,-78.89447E-03
+43.07700E-03,+3.61809041E+00,-75.12563E-03
+43.10600E-03,+3.85929644E+00,-91.45729E-03
+43.13500E-03,+3.61809041E+00,-88.94472E-03
+43.16400E-03,+3.85929644E+00,-95.22613E-03
+43.19300E-03,+3.32864318E+00,-81.40704E-03
+43.22200E-03,+3.85929644E+00,-91.45729E-03
+43.25100E-03,+4.38994970E+00,-95.22613E-03
+43.28000E-03,+3.71457282E+00,-75.12563E-03
+43.30900E-03,+4.38994970E+00,-68.84422E-03
+43.33800E-03,+4.48643211E+00,-75.12563E-03
+43.36700E-03,+3.85929644E+00,-75.12563E-03
+43.39600E-03,+3.85929644E+00,-75.12563E-03
+43.42500E-03,+3.85929644E+00,-81.40704E-03
+43.45400E-03,+4.63115573E+00,-75.12563E-03
+43.48300E-03,+4.63115573E+00,-81.40704E-03
+43.51200E-03,+4.63115573E+00,-95.22613E-03
+43.54100E-03,+4.10050247E+00,-88.94472E-03
+43.57000E-03,+4.00402006E+00,-95.22613E-03
+43.59900E-03,+4.87236176E+00,-75.12563E-03
+43.62800E-03,+3.85929644E+00,-75.12563E-03
+43.65700E-03,+4.63115573E+00,-61.30653E-03
+43.68600E-03,+4.77587935E+00,-75.12563E-03
+43.71500E-03,+4.38994970E+00,-55.02513E-03
+43.74400E-03,+4.14874367E+00,-75.12563E-03
+43.77300E-03,+4.63115573E+00,-81.40704E-03
+43.80200E-03,+5.25829140E+00,-91.45729E-03
+43.83100E-03,+4.87236176E+00,-75.12563E-03
+43.86000E-03,+4.63115573E+00,-95.22613E-03
+43.88900E-03,+4.63115573E+00,-88.94472E-03
+43.91800E-03,+4.77587935E+00,-62.56282E-03
+43.94700E-03,+4.87236176E+00,-61.30653E-03
+43.97600E-03,+4.14874367E+00,-75.12563E-03
+44.00500E-03,+5.40301502E+00,-88.94472E-03
+44.03400E-03,+5.54773863E+00,-62.56282E-03
+44.06300E-03,+5.40301502E+00,-81.40704E-03
+44.09200E-03,+4.77587935E+00,-75.12563E-03
+44.12100E-03,+5.40301502E+00,-82.66332E-03
+44.15000E-03,+6.03015069E+00,-71.35678E-03
+44.17900E-03,+5.93366828E+00,-95.22613E-03
+44.20800E-03,+5.54773863E+00,-91.45729E-03
+44.23700E-03,+5.40301502E+00,-88.94472E-03
+44.26600E-03,+5.40301502E+00,-75.12563E-03
+44.29500E-03,+5.93366828E+00,-88.94472E-03
+44.32400E-03,+5.54773863E+00,-91.45729E-03
+44.35300E-03,+6.17487431E+00,-68.84422E-03
+44.38200E-03,+5.54773863E+00,-107.78895E-03
+44.41100E-03,+6.17487431E+00,-75.12563E-03
+44.44000E-03,+6.17487431E+00,-87.68844E-03
+44.46900E-03,+5.93366828E+00,-68.84422E-03
+44.49800E-03,+6.17487431E+00,-75.12563E-03
+44.52700E-03,+6.17487431E+00,-75.12563E-03
+44.55600E-03,+6.03015069E+00,-107.78895E-03
+44.58500E-03,+6.41608033E+00,-75.12563E-03
+44.61400E-03,+6.17487431E+00,-78.89447E-03
+44.64300E-03,+6.17487431E+00,-82.66332E-03
+44.67200E-03,+6.17487431E+00,-91.45729E-03
+44.70100E-03,+6.17487431E+00,-75.12563E-03
+44.73000E-03,+6.31959792E+00,-71.35678E-03
+44.75900E-03,+6.94673359E+00,-67.58794E-03
+44.78800E-03,+6.94673359E+00,-95.22613E-03
+44.81700E-03,+7.47738685E+00,-88.94472E-03
+44.84600E-03,+6.17487431E+00,-107.78895E-03
+44.87500E-03,+6.17487431E+00,-87.68844E-03
+44.90400E-03,+6.94673359E+00,-75.12563E-03
+44.93300E-03,+6.94673359E+00,-109.04523E-03
+44.96200E-03,+6.80200998E+00,-91.45729E-03
+44.99100E-03,+7.47738685E+00,-81.40704E-03
+45.02000E-03,+6.94673359E+00,-91.45729E-03
+45.04900E-03,+6.70552757E+00,-95.22613E-03
+45.07800E-03,+6.94673359E+00,-78.89447E-03
+45.10700E-03,+6.94673359E+00,-75.12563E-03
+45.13600E-03,+6.94673359E+00,-91.45729E-03
+45.16500E-03,+7.71859288E+00,-88.94472E-03
+45.19400E-03,+7.57386927E+00,-91.45729E-03
+45.22300E-03,+6.94673359E+00,-68.84422E-03
+45.25200E-03,+7.57386927E+00,-95.22613E-03
+45.28100E-03,+6.94673359E+00,-81.40704E-03
+45.31000E-03,+7.71859288E+00,-62.56282E-03
+45.33900E-03,+7.18793962E+00,-81.40704E-03
+45.36800E-03,+6.94673359E+00,-91.45729E-03
+45.39700E-03,+7.71859288E+00,-102.76382E-03
+45.42600E-03,+7.71859288E+00,-95.22613E-03
+45.45500E-03,+7.95979891E+00,-95.22613E-03
+45.48400E-03,+7.71859288E+00,-71.35678E-03
+45.51300E-03,+7.18793962E+00,-95.22613E-03
+45.54200E-03,+7.71859288E+00,-78.89447E-03
+45.57100E-03,+7.71859288E+00,-75.12563E-03
+45.60000E-03,+7.71859288E+00,-75.12563E-03
+45.62900E-03,+7.71859288E+00,-75.12563E-03
+45.65800E-03,+7.86331650E+00,-75.12563E-03
+45.68700E-03,+7.71859288E+00,-68.84422E-03
+45.71600E-03,+8.49045217E+00,-107.78895E-03
+45.74500E-03,+7.95979891E+00,-102.76382E-03
+45.77400E-03,+8.49045217E+00,-78.89447E-03
+45.80300E-03,+8.49045217E+00,-81.40704E-03
+45.83200E-03,+8.49045217E+00,-78.89447E-03
+45.86100E-03,+8.49045217E+00,-75.12563E-03
+45.89000E-03,+8.49045217E+00,-78.89447E-03
+45.91900E-03,+9.26231146E+00,-81.40704E-03
+45.94800E-03,+8.49045217E+00,-91.45729E-03
+45.97700E-03,+9.02110543E+00,-88.94472E-03
+46.00600E-03,+8.49045217E+00,-107.78895E-03
+46.03500E-03,+8.49045217E+00,-81.40704E-03
+46.06400E-03,+8.49045217E+00,-78.89447E-03
+46.09300E-03,+9.26231146E+00,-81.40704E-03
+46.12200E-03,+8.63517579E+00,-91.45729E-03
+46.15100E-03,+8.49045217E+00,-81.40704E-03
+46.18000E-03,+8.63517579E+00,-75.12563E-03
+46.20900E-03,+9.02110543E+00,-95.22613E-03
+46.23800E-03,+9.26231146E+00,-62.56282E-03
+46.26700E-03,+9.26231146E+00,-87.68844E-03
+46.29600E-03,+9.11758784E+00,-78.89447E-03
+46.32500E-03,+9.26231146E+00,-75.12563E-03
+46.35400E-03,+9.11758784E+00,-75.12563E-03
+46.38300E-03,+10.03417075E+00,-75.12563E-03
+46.41200E-03,+9.26231146E+00,-75.12563E-03
+46.44100E-03,+9.50351749E+00,-75.12563E-03
+46.47000E-03,+9.40703507E+00,-58.79397E-03
+46.49900E-03,+9.26231146E+00,-68.84422E-03
+46.52800E-03,+10.03417075E+00,-78.89447E-03
+46.55700E-03,+9.79296472E+00,-88.94472E-03
+46.58600E-03,+9.40703507E+00,-107.78895E-03
+46.61500E-03,+9.26231146E+00,-95.22613E-03
+46.64400E-03,+10.03417075E+00,-95.22613E-03
+46.67300E-03,+10.56482401E+00,-95.22613E-03
+46.70200E-03,+10.66130642E+00,-75.12563E-03
+46.73100E-03,+9.50351749E+00,-75.12563E-03
+46.76000E-03,+9.40703507E+00,-95.22613E-03
+46.78900E-03,+10.56482401E+00,-75.12563E-03
+46.81800E-03,+10.03417075E+00,-78.89447E-03
+46.84700E-03,+10.03417075E+00,-81.40704E-03
+46.87600E-03,+10.03417075E+00,-75.12563E-03
+46.90500E-03,+10.56482401E+00,-75.12563E-03
+46.93400E-03,+10.66130642E+00,-75.12563E-03
+46.96300E-03,+10.27537677E+00,-88.94472E-03
+46.99200E-03,+10.80603004E+00,-75.12563E-03
+47.02100E-03,+10.80603004E+00,-95.22613E-03
+47.05000E-03,+10.80603004E+00,-95.22613E-03
+47.07900E-03,+10.80603004E+00,-88.94472E-03
+47.10800E-03,+10.80603004E+00,-78.89447E-03
+47.13700E-03,+10.80603004E+00,-95.22613E-03
+47.16600E-03,+10.80603004E+00,-91.45729E-03
+47.19500E-03,+10.80603004E+00,-88.94472E-03
+47.22400E-03,+10.66130642E+00,-87.68844E-03
+47.25300E-03,+11.04723606E+00,-95.22613E-03
+47.28200E-03,+10.95075365E+00,-78.89447E-03
+47.31100E-03,+11.33668330E+00,-73.86935E-03
+47.34000E-03,+11.43316571E+00,-75.12563E-03
+47.36900E-03,+11.57788932E+00,-75.12563E-03
+47.39800E-03,+11.57788932E+00,-78.89447E-03
+47.42700E-03,+11.04723606E+00,-81.40704E-03
+47.45600E-03,+10.95075365E+00,-95.22613E-03
+47.48500E-03,+11.04723606E+00,-95.22613E-03
+47.51400E-03,+10.95075365E+00,-71.35678E-03
+47.54300E-03,+11.57788932E+00,-75.12563E-03
+47.57200E-03,+11.09547727E+00,-82.66332E-03
+47.60100E-03,+11.57788932E+00,-95.22613E-03
+47.63000E-03,+11.57788932E+00,-62.56282E-03
+47.65900E-03,+11.57788932E+00,-95.22613E-03
+47.68800E-03,+11.43316571E+00,-78.89447E-03
+47.71700E-03,+11.81909535E+00,-88.94472E-03
+47.74600E-03,+11.57788932E+00,-78.89447E-03
+47.77500E-03,+11.57788932E+00,-95.22613E-03
+47.80400E-03,+12.34974861E+00,-91.45729E-03
+47.83300E-03,+11.57788932E+00,-75.12563E-03
+47.86200E-03,+11.72261294E+00,-75.12563E-03
+47.89100E-03,+11.81909535E+00,-75.12563E-03
+47.92000E-03,+11.72261294E+00,-58.79397E-03
+47.94900E-03,+12.34974861E+00,-95.22613E-03
+47.97800E-03,+11.57788932E+00,-95.22613E-03
+48.00700E-03,+12.34974861E+00,-75.12563E-03
+48.03600E-03,+12.83216067E+00,-95.22613E-03
+48.06500E-03,+12.59095464E+00,-75.12563E-03
+48.09400E-03,+11.72261294E+00,-91.45729E-03
+48.12300E-03,+12.34974861E+00,-75.12563E-03
+48.15200E-03,+12.83216067E+00,-78.89447E-03
+48.18100E-03,+12.34974861E+00,-81.40704E-03
+48.21000E-03,+12.97688428E+00,-91.45729E-03
+48.23900E-03,+12.34974861E+00,-81.40704E-03
+48.26800E-03,+12.34974861E+00,-78.89447E-03
+48.29700E-03,+12.34974861E+00,-68.84422E-03
+48.32600E-03,+12.34974861E+00,-91.45729E-03
+48.35500E-03,+12.88040187E+00,-81.40704E-03
+48.38400E-03,+12.97688428E+00,-75.12563E-03
+48.41300E-03,+13.12160790E+00,-75.12563E-03
+48.44200E-03,+12.34974861E+00,-91.45729E-03
+48.47100E-03,+13.12160790E+00,-68.84422E-03
+48.50000E-03,+13.12160790E+00,-75.12563E-03
+48.52900E-03,+13.12160790E+00,-81.40704E-03
+48.55800E-03,+13.74874357E+00,-75.12563E-03
+48.58700E-03,+13.65226116E+00,-81.40704E-03
+48.61600E-03,+13.12160790E+00,-95.22613E-03
+48.64500E-03,+13.89346719E+00,-75.12563E-03
+48.67400E-03,+13.74874357E+00,-58.79397E-03
+48.70300E-03,+13.36281393E+00,-61.30653E-03
+48.73200E-03,+13.12160790E+00,-91.45729E-03
+48.76100E-03,+13.12160790E+00,-88.94472E-03
+48.79000E-03,+13.26633152E+00,-62.56282E-03
+48.81900E-03,+13.89346719E+00,-95.22613E-03
+48.84800E-03,+13.89346719E+00,-58.79397E-03
+48.87700E-03,+13.89346719E+00,-67.58794E-03
+48.90600E-03,+13.89346719E+00,-95.22613E-03
+48.93500E-03,+14.18291442E+00,-68.84422E-03
+48.96400E-03,+13.89346719E+00,-95.22613E-03
+48.99300E-03,+13.89346719E+00,-81.40704E-03
+49.02200E-03,+13.89346719E+00,-58.79397E-03
+49.05100E-03,+13.89346719E+00,-75.12563E-03
+49.08000E-03,+13.89346719E+00,-91.45729E-03
+49.10900E-03,+13.89346719E+00,-68.84422E-03
+49.13800E-03,+14.03819080E+00,-87.68844E-03
+49.16700E-03,+14.42412045E+00,-75.12563E-03
+49.19600E-03,+14.03819080E+00,-87.68844E-03
+49.22500E-03,+13.89346719E+00,-75.12563E-03
+49.25400E-03,+14.66532648E+00,-75.12563E-03
+49.28300E-03,+13.89346719E+00,-95.22613E-03
+49.31200E-03,+14.03819080E+00,-78.89447E-03
+49.34100E-03,+14.13467322E+00,-67.58794E-03
+49.37000E-03,+14.66532648E+00,-95.22613E-03
+49.39900E-03,+14.66532648E+00,-88.94472E-03
+49.42800E-03,+15.14773853E+00,-75.12563E-03
+49.45700E-03,+14.66532648E+00,-75.12563E-03
+49.48600E-03,+14.66532648E+00,-75.12563E-03
+49.51500E-03,+14.90653250E+00,-75.12563E-03
+49.54400E-03,+14.18291442E+00,-55.02513E-03
+49.57300E-03,+14.90653250E+00,-67.58794E-03
+49.60200E-03,+14.81005009E+00,-91.45729E-03
+49.63100E-03,+14.90653250E+00,-67.58794E-03
+49.66000E-03,+15.43718576E+00,-78.89447E-03
+49.68900E-03,+15.43718576E+00,-75.12563E-03
+49.71800E-03,+15.29246215E+00,-95.22613E-03
+49.74700E-03,+15.19597974E+00,-68.84422E-03
+49.77600E-03,+15.29246215E+00,-95.22613E-03
+49.80500E-03,+14.90653250E+00,-75.12563E-03
+49.83400E-03,+15.43718576E+00,-91.45729E-03
+49.86300E-03,+15.19597974E+00,-61.30653E-03
+49.89200E-03,+15.43718576E+00,-95.22613E-03
+49.92100E-03,+16.20904505E+00,-75.12563E-03
+49.95000E-03,+16.06432144E+00,-91.45729E-03
+49.97900E-03,+15.43718576E+00,-95.22613E-03
+50.00800E-03,+15.43718576E+00,-71.35678E-03
+50.03700E-03,+15.96783902E+00,-75.12563E-03
+50.06600E-03,+15.58190938E+00,-87.68844E-03
+50.09500E-03,+16.20904505E+00,-88.94472E-03
+50.12400E-03,+15.58190938E+00,-71.35678E-03
+50.15300E-03,+15.67839179E+00,-88.94472E-03
+50.18200E-03,+15.58190938E+00,-75.12563E-03
+50.21100E-03,+16.73969831E+00,-75.12563E-03
+50.24000E-03,+16.20904505E+00,-78.89447E-03
+50.26900E-03,+15.96783902E+00,-75.12563E-03
+50.29800E-03,+16.20904505E+00,-78.89447E-03
+50.32700E-03,+16.20904505E+00,-61.30653E-03
+50.35600E-03,+16.20904505E+00,-91.45729E-03
+50.38500E-03,+16.73969831E+00,-75.12563E-03
+50.41400E-03,+16.98090434E+00,-71.35678E-03
+50.44300E-03,+16.49849228E+00,-75.12563E-03
+50.47200E-03,+16.98090434E+00,-75.12563E-03
+50.50100E-03,+16.45025108E+00,-88.94472E-03
+50.53000E-03,+16.35376867E+00,-87.68844E-03
+50.55900E-03,+16.98090434E+00,-95.22613E-03
+50.58800E-03,+16.98090434E+00,-55.02513E-03
+50.61700E-03,+16.98090434E+00,-75.12563E-03
+50.64600E-03,+16.83618072E+00,-75.12563E-03
+50.67500E-03,+16.98090434E+00,-75.12563E-03
+50.70400E-03,+16.83618072E+00,-78.89447E-03
+50.73300E-03,+16.98090434E+00,-75.12563E-03
+50.76200E-03,+17.60804001E+00,-75.12563E-03
+50.79100E-03,+16.98090434E+00,-61.30653E-03
+50.82000E-03,+16.98090434E+00,-91.45729E-03
+50.84900E-03,+16.98090434E+00,-68.84422E-03
+50.87800E-03,+17.60804001E+00,-58.79397E-03
+50.90700E-03,+17.51155760E+00,-75.12563E-03
+50.93600E-03,+17.46331640E+00,-75.12563E-03
+50.96500E-03,+17.22211037E+00,-61.30653E-03
+50.99400E-03,+17.75276363E+00,-75.12563E-03
+51.02300E-03,+17.75276363E+00,-88.94472E-03
+51.05200E-03,+17.60804001E+00,-95.22613E-03
+51.08100E-03,+17.75276363E+00,-68.84422E-03
+51.11000E-03,+17.12562796E+00,-75.12563E-03
+51.13900E-03,+17.99396966E+00,-75.12563E-03
+51.16800E-03,+17.75276363E+00,-75.12563E-03
+51.19700E-03,+17.46331640E+00,-95.22613E-03
+51.22600E-03,+17.75276363E+00,-75.12563E-03
+51.25500E-03,+17.75276363E+00,-88.94472E-03
+51.28400E-03,+17.75276363E+00,-75.12563E-03
+51.31300E-03,+17.75276363E+00,-76.38191E-03
+51.34200E-03,+17.89748725E+00,-75.12563E-03
+51.37100E-03,+17.99396966E+00,-61.30653E-03
+51.40000E-03,+17.89748725E+00,-71.35678E-03
+51.42900E-03,+18.28341689E+00,-68.84422E-03
+51.45800E-03,+17.89748725E+00,-51.25628E-03
+51.48700E-03,+17.75276363E+00,-75.12563E-03
+51.51600E-03,+18.52462292E+00,-75.12563E-03
+51.54500E-03,+18.52462292E+00,-55.02513E-03
+51.57400E-03,+18.52462292E+00,-58.79397E-03
+51.60300E-03,+17.75276363E+00,-68.84422E-03
+51.63200E-03,+18.52462292E+00,-87.68844E-03
+51.66100E-03,+18.52462292E+00,-75.12563E-03
+51.69000E-03,+17.89748725E+00,-58.79397E-03
+51.71900E-03,+18.52462292E+00,-75.12563E-03
+51.74800E-03,+18.66934653E+00,-75.12563E-03
+51.77700E-03,+18.52462292E+00,-61.30653E-03
+51.80600E-03,+18.66934653E+00,-78.89447E-03
+51.83500E-03,+18.76582895E+00,-61.30653E-03
+51.86400E-03,+18.66934653E+00,-55.02513E-03
+51.89300E-03,+19.29648221E+00,-61.30653E-03
+51.92200E-03,+18.52462292E+00,-75.12563E-03
+51.95100E-03,+19.29648221E+00,-61.30653E-03
+51.98000E-03,+19.44120582E+00,-87.68844E-03
+52.00900E-03,+19.29648221E+00,-55.02513E-03
+52.03800E-03,+19.29648221E+00,-42.46231E-03
+52.06700E-03,+19.58592944E+00,-61.30653E-03
+52.09600E-03,+19.44120582E+00,-55.02513E-03
+52.12500E-03,+20.06834149E+00,-75.12563E-03
+52.15400E-03,+19.29648221E+00,-71.35678E-03
+52.18300E-03,+19.29648221E+00,-61.30653E-03
+52.21200E-03,+19.44120582E+00,-55.02513E-03
+52.24100E-03,+19.29648221E+00,-55.02513E-03
+52.27000E-03,+19.92361788E+00,-75.12563E-03
+52.29900E-03,+19.29648221E+00,-61.30653E-03
+52.32800E-03,+19.92361788E+00,-51.25628E-03
+52.35700E-03,+19.82713547E+00,-55.02513E-03
+52.38600E-03,+19.92361788E+00,-51.25628E-03
+52.41500E-03,+19.29648221E+00,-55.02513E-03
+52.44400E-03,+20.06834149E+00,-55.02513E-03
+52.47300E-03,+20.06834149E+00,-55.02513E-03
+52.50200E-03,+20.06834149E+00,-75.12563E-03
+52.53100E-03,+20.06834149E+00,-75.12563E-03
+52.56000E-03,+19.92361788E+00,-55.02513E-03
+52.58900E-03,+20.06834149E+00,-55.02513E-03
+52.61800E-03,+20.84020078E+00,-55.02513E-03
+52.64700E-03,+20.59899475E+00,-55.02513E-03
+52.67600E-03,+20.21306511E+00,-67.58794E-03
+52.70500E-03,+20.06834149E+00,-41.20603E-03
+52.73400E-03,+20.69547717E+00,-58.79397E-03
+52.76300E-03,+20.84020078E+00,-62.56282E-03
+52.79200E-03,+20.84020078E+00,-55.02513E-03
+52.82100E-03,+20.84020078E+00,-34.92462E-03
+52.85000E-03,+20.84020078E+00,-38.69347E-03
+52.87900E-03,+20.84020078E+00,-55.02513E-03
+52.90800E-03,+20.69547717E+00,-75.12563E-03
+52.93700E-03,+20.30954752E+00,-55.02513E-03
+52.96600E-03,+21.32261284E+00,-55.02513E-03
+52.99500E-03,+20.84020078E+00,-61.30653E-03
+53.02400E-03,+20.84020078E+00,-55.02513E-03
+53.05300E-03,+21.37085404E+00,-41.20603E-03
+53.08200E-03,+20.84020078E+00,-38.69347E-03
+53.11100E-03,+20.84020078E+00,-55.02513E-03
+53.14000E-03,+21.46733645E+00,-38.69347E-03
+53.16900E-03,+21.61206007E+00,-55.02513E-03
+53.19800E-03,+21.61206007E+00,-71.35678E-03
+53.22700E-03,+21.08140681E+00,-55.02513E-03
+53.25600E-03,+20.98492440E+00,-71.35678E-03
+53.28500E-03,+20.84020078E+00,-48.74372E-03
+53.31400E-03,+21.61206007E+00,-71.35678E-03
+53.34300E-03,+21.37085404E+00,-55.02513E-03
+53.37200E-03,+21.61206007E+00,-55.02513E-03
+53.40100E-03,+21.61206007E+00,-48.74372E-03
+53.43000E-03,+21.61206007E+00,-55.02513E-03
+53.45900E-03,+21.85326610E+00,-48.74372E-03
+53.48800E-03,+21.75678369E+00,-71.35678E-03
+53.51700E-03,+21.85326610E+00,-61.30653E-03
+53.54600E-03,+22.23919574E+00,-55.02513E-03
+53.57500E-03,+21.61206007E+00,-68.84422E-03
+53.60400E-03,+21.61206007E+00,-42.46231E-03
+53.63300E-03,+21.61206007E+00,-55.02513E-03
+53.66200E-03,+22.38391936E+00,-38.69347E-03
+53.69100E-03,+22.14271333E+00,-68.84422E-03
+53.72000E-03,+23.01105503E+00,-55.02513E-03
+53.74900E-03,+22.14271333E+00,-48.74372E-03
+53.77800E-03,+22.38391936E+00,-55.02513E-03
+53.80700E-03,+22.38391936E+00,-48.74372E-03
+53.83600E-03,+22.38391936E+00,-51.25628E-03
+53.86500E-03,+22.38391936E+00,-34.92462E-03
+53.89400E-03,+22.38391936E+00,-34.92462E-03
+53.92300E-03,+22.38391936E+00,-41.20603E-03
+53.95200E-03,+22.38391936E+00,-51.25628E-03
+53.98100E-03,+22.62512539E+00,-55.02513E-03
+54.01000E-03,+23.01105503E+00,-51.25628E-03
+54.03900E-03,+22.38391936E+00,-55.02513E-03
+54.06800E-03,+22.23919574E+00,-51.25628E-03
+54.09700E-03,+23.15577865E+00,-48.74372E-03
+54.12600E-03,+23.15577865E+00,-34.92462E-03
+54.15500E-03,+23.15577865E+00,-61.30653E-03
+54.18400E-03,+23.15577865E+00,-38.69347E-03
+54.21300E-03,+22.91457262E+00,-34.92462E-03
+54.24200E-03,+23.30050226E+00,-34.92462E-03
+54.27100E-03,+23.15577865E+00,-34.92462E-03
+54.30000E-03,+23.15577865E+00,-51.25628E-03
+54.32900E-03,+23.15577865E+00,-41.20603E-03
+54.35800E-03,+23.01105503E+00,-51.25628E-03
+54.38700E-03,+23.15577865E+00,-55.02513E-03
+54.41600E-03,+23.15577865E+00,-55.02513E-03
+54.44500E-03,+23.15577865E+00,-34.92462E-03
+54.47400E-03,+23.15577865E+00,-34.92462E-03
+54.50300E-03,+23.15577865E+00,-41.20603E-03
+54.53200E-03,+23.78291432E+00,-34.92462E-03
+54.56100E-03,+23.15577865E+00,-48.74372E-03
+54.59000E-03,+23.92763793E+00,-34.92462E-03
+54.61900E-03,+23.63819070E+00,-41.20603E-03
+54.64800E-03,+23.30050226E+00,-22.36181E-03
+54.67700E-03,+23.92763793E+00,-34.92462E-03
+54.70600E-03,+23.92763793E+00,-34.92462E-03
+54.73500E-03,+24.16884396E+00,-34.92462E-03
+54.76400E-03,+23.92763793E+00,-18.59297E-03
+54.79300E-03,+23.92763793E+00,-14.82412E-03
+54.82200E-03,+23.92763793E+00,-34.92462E-03
+54.85100E-03,+24.45829119E+00,-41.20603E-03
+54.88000E-03,+23.92763793E+00,-31.15578E-03
+54.90900E-03,+24.16884396E+00,-34.92462E-03
+54.93800E-03,+24.69949722E+00,-31.15578E-03
+54.96700E-03,+24.69949722E+00,-48.74372E-03
+54.99600E-03,+24.69949722E+00,-31.15578E-03
+55.02500E-03,+24.69949722E+00,-28.64322E-03
+55.05400E-03,+25.32663289E+00,-27.38694E-03
+55.08300E-03,+25.23015048E+00,-21.10553E-03
+55.11200E-03,+24.69949722E+00,-27.38694E-03
+55.14100E-03,+24.69949722E+00,-27.38694E-03
+55.17000E-03,+24.84422084E+00,-51.25628E-03
+55.19900E-03,+24.69949722E+00,-34.92462E-03
+55.22800E-03,+24.69949722E+00,-14.82412E-03
+55.25700E-03,+24.41004999E+00,-41.20603E-03
+55.28600E-03,+24.69949722E+00,-51.25628E-03
+55.31500E-03,+24.45829119E+00,-34.92462E-03
+55.34400E-03,+25.32663289E+00,-18.59297E-03
+55.37300E-03,+25.23015048E+00,-28.64322E-03
+55.40200E-03,+25.47135651E+00,-31.15578E-03
+55.43100E-03,+25.23015048E+00,-27.38694E-03
+55.46000E-03,+25.47135651E+00,-18.59297E-03
+55.48900E-03,+25.23015048E+00,-28.64322E-03
+55.51800E-03,+26.24321580E+00,-55.02513E-03
+55.54700E-03,+26.00200977E+00,-28.64322E-03
+55.57600E-03,+25.47135651E+00,-31.15578E-03
+55.60500E-03,+25.47135651E+00,-21.10553E-03
+55.63400E-03,+25.47135651E+00,-34.92462E-03
+55.66300E-03,+25.71256254E+00,-34.92462E-03
+55.69200E-03,+25.61608013E+00,-31.15578E-03
+55.72100E-03,+26.00200977E+00,-34.92462E-03
+55.75000E-03,+25.32663289E+00,-14.82412E-03
+55.77900E-03,+25.71256254E+00,-28.64322E-03
+55.80800E-03,+26.24321580E+00,-18.59297E-03
+55.83700E-03,+25.71256254E+00,-14.82412E-03
+55.86600E-03,+25.47135651E+00,-31.15578E-03
+55.89500E-03,+26.00200977E+00,-28.64322E-03
+55.92400E-03,+26.09849218E+00,-34.92462E-03
+55.95300E-03,+25.47135651E+00,-28.64322E-03
+55.98200E-03,+26.24321580E+00,-34.92462E-03
+56.01100E-03,+25.71256254E+00,-21.10553E-03
+56.04000E-03,+26.24321580E+00,-18.59297E-03
+56.06900E-03,+26.77386906E+00,-14.82412E-03
+56.09800E-03,+26.38793942E+00,-18.59297E-03
+56.12700E-03,+26.48442183E+00,-1.00503E-03
+56.15600E-03,+26.24321580E+00,-31.15578E-03
+56.18500E-03,+26.48442183E+00,-21.10553E-03
+56.21400E-03,+26.24321580E+00,-14.82412E-03
+56.24300E-03,+26.77386906E+00,-8.54272E-03
+56.27200E-03,+26.87035147E+00,-31.15578E-03
+56.30100E-03,+26.48442183E+00,-34.92462E-03
+56.33000E-03,+26.38793942E+00,-14.82412E-03
+56.35900E-03,+26.24321580E+00,-14.82412E-03
+56.38800E-03,+27.78693438E+00,-31.15578E-03
+56.41700E-03,+26.48442183E+00,-14.82412E-03
+56.44600E-03,+27.01507509E+00,-14.82412E-03
+56.47500E-03,+26.48442183E+00,-21.10553E-03
+56.50400E-03,+27.64221076E+00,-14.82412E-03
+56.53300E-03,+27.25628112E+00,-14.82412E-03
+56.56200E-03,+26.53266303E+00,+1.50754E-03
+56.59100E-03,+27.30452232E+00,-14.82412E-03
+56.62000E-03,+27.01507509E+00,-14.82412E-03
+56.64900E-03,+27.25628112E+00,-1.00503E-03
+56.67800E-03,+27.15979870E+00,+1.50754E-03
+56.70700E-03,+27.78693438E+00,+5.27638E-03
+56.73600E-03,+27.15979870E+00,+5.27638E-03
+56.76500E-03,+27.78693438E+00,-2.26131E-03
+56.79400E-03,+27.78693438E+00,-27.38694E-03
+56.82300E-03,+27.54572835E+00,-2.26131E-03
+56.85200E-03,+27.78693438E+00,-14.82412E-03
+56.88100E-03,+27.78693438E+00,+19.09548E-03
+56.91000E-03,+27.78693438E+00,+5.27638E-03
+56.93900E-03,+27.54572835E+00,+11.55779E-03
+56.96800E-03,+27.78693438E+00,+21.60804E-03
+56.99700E-03,+27.78693438E+00,-8.54272E-03
+57.02600E-03,+27.64221076E+00,+9.04522E-03
+57.05500E-03,+27.73869317E+00,+11.55779E-03
+57.08400E-03,+27.78693438E+00,+5.27638E-03
+57.11300E-03,+28.02814040E+00,-2.26131E-03
+57.14200E-03,+27.78693438E+00,+1.50754E-03
+57.17100E-03,+28.31758764E+00,+19.09548E-03
+57.20000E-03,+27.93165799E+00,+1.50754E-03
+57.22900E-03,+28.55879366E+00,+25.37688E-03
+57.25800E-03,+27.93165799E+00,+5.27638E-03
+57.28700E-03,+28.55879366E+00,+19.09548E-03
+57.31600E-03,+28.41407005E+00,+9.04522E-03
+57.34500E-03,+29.08944692E+00,+5.27638E-03
+57.37400E-03,+28.41407005E+00,+5.27638E-03
+57.40300E-03,+28.55879366E+00,+11.55779E-03
+57.43200E-03,+29.18592934E+00,+1.50754E-03
+57.46100E-03,+28.79999969E+00,+19.09548E-03
+57.49000E-03,+28.55879366E+00,+21.60804E-03
+57.51900E-03,+28.55879366E+00,+39.19598E-03
+57.54800E-03,+29.33065295E+00,+25.37688E-03
+57.57700E-03,+28.79999969E+00,+11.55779E-03
+57.60600E-03,+29.33065295E+00,+25.37688E-03
+57.63500E-03,+29.33065295E+00,+19.09548E-03
+57.66400E-03,+28.70351728E+00,+25.37688E-03
+57.69300E-03,+28.55879366E+00,+19.09548E-03
+57.72200E-03,+29.81306501E+00,+25.37688E-03
+57.75100E-03,+29.33065295E+00,+11.55779E-03
+57.78000E-03,+29.18592934E+00,+9.04522E-03
+57.80900E-03,+29.04120572E+00,+19.09548E-03
+57.83800E-03,+29.47537657E+00,+5.27638E-03
+57.86700E-03,+30.10251224E+00,+25.37688E-03
+57.89600E-03,+29.47537657E+00,+25.37688E-03
+57.92500E-03,+29.86130621E+00,+19.09548E-03
+57.95400E-03,+29.95778862E+00,+25.37688E-03
+57.98300E-03,+30.10251224E+00,+25.37688E-03
+58.01200E-03,+29.95778862E+00,+41.70854E-03
+58.04100E-03,+30.10251224E+00,+25.37688E-03
+58.07000E-03,+29.95778862E+00,+25.37688E-03
+58.09900E-03,+29.57185898E+00,+31.65829E-03
+58.12800E-03,+30.10251224E+00,+21.60804E-03
+58.15700E-03,+29.33065295E+00,+17.83919E-03
+58.18600E-03,+30.72964791E+00,+41.70854E-03
+58.21500E-03,+30.10251224E+00,+19.09548E-03
+58.24400E-03,+30.10251224E+00,+5.27638E-03
+58.27300E-03,+29.33065295E+00,+25.37688E-03
+58.30200E-03,+30.72964791E+00,+25.37688E-03
+58.33100E-03,+30.10251224E+00,+5.27638E-03
+58.36000E-03,+30.10251224E+00,+29.14573E-03
+58.38900E-03,+30.87437153E+00,+25.37688E-03
+58.41800E-03,+30.24723586E+00,+9.04522E-03
+58.44700E-03,+30.63316550E+00,+25.37688E-03
+58.47600E-03,+30.87437153E+00,+9.04522E-03
+58.50500E-03,+30.10251224E+00,+11.55779E-03
+58.53400E-03,+30.10251224E+00,+9.04522E-03
+58.56300E-03,+30.34371827E+00,+25.37688E-03
+58.59200E-03,+30.87437153E+00,+25.37688E-03
+58.62100E-03,+30.87437153E+00,+11.55779E-03
+58.65000E-03,+30.87437153E+00,+25.37688E-03
+58.67900E-03,+30.63316550E+00,+25.37688E-03
+58.70800E-03,+30.87437153E+00,+9.04522E-03
+58.73700E-03,+30.87437153E+00,+31.65829E-03
+58.76600E-03,+31.01909514E+00,+25.37688E-03
+58.79500E-03,+31.40502479E+00,+11.55779E-03
+58.82400E-03,+30.87437153E+00,+21.60804E-03
+58.85300E-03,+31.40502479E+00,+25.37688E-03
+58.88200E-03,+31.01909514E+00,+29.14573E-03
+58.91100E-03,+30.87437153E+00,+39.19598E-03
+58.94000E-03,+31.01909514E+00,+41.70854E-03
+58.96900E-03,+31.40502479E+00,+25.37688E-03
+58.99800E-03,+30.87437153E+00,+25.37688E-03
+59.02700E-03,+31.11557756E+00,+25.37688E-03
+59.05600E-03,+30.87437153E+00,+25.37688E-03
+59.08500E-03,+31.93567805E+00,+45.47738E-03
+59.11400E-03,+31.79095443E+00,+41.70854E-03
+59.14300E-03,+31.40502479E+00,+45.47738E-03
+59.17200E-03,+32.27336649E+00,+45.47738E-03
+59.20100E-03,+31.64623082E+00,+31.65829E-03
+59.23000E-03,+31.16381876E+00,+29.14573E-03
+59.25900E-03,+31.64623082E+00,+53.01507E-03
+59.28800E-03,+31.64623082E+00,+58.04020E-03
+59.31700E-03,+31.88743684E+00,+31.65829E-03
+59.34600E-03,+32.41809011E+00,+25.37688E-03
+59.37500E-03,+31.64623082E+00,+65.57789E-03
+59.40400E-03,+32.41809011E+00,+49.24623E-03
+59.43300E-03,+31.64623082E+00,+59.29648E-03
+59.46200E-03,+31.79095443E+00,+45.47738E-03
+59.49100E-03,+32.41809011E+00,+59.29648E-03
+59.52000E-03,+33.04522578E+00,+61.80904E-03
+59.54900E-03,+32.41809011E+00,+59.29648E-03
+59.57800E-03,+32.41809011E+00,+49.24623E-03
+59.60700E-03,+32.17688408E+00,+45.47738E-03
+59.63600E-03,+32.27336649E+00,+81.90955E-03
+59.66500E-03,+32.41809011E+00,+65.57789E-03
+59.69400E-03,+32.41809011E+00,+49.24623E-03
+59.72300E-03,+32.41809011E+00,+79.39698E-03
+59.75200E-03,+32.41809011E+00,+85.67839E-03
+59.78100E-03,+32.41809011E+00,+71.85929E-03
+59.81000E-03,+33.18994939E+00,+69.34673E-03
+59.83900E-03,+32.41809011E+00,+99.49748E-03
+59.86800E-03,+32.56281372E+00,+85.67839E-03
+59.89700E-03,+32.65929613E+00,+85.67839E-03
+59.92600E-03,+33.04522578E+00,+69.34673E-03
+59.95500E-03,+32.41809011E+00,+85.67839E-03
+59.98400E-03,+33.18994939E+00,+85.67839E-03
+60.01300E-03,+33.43115542E+00,+85.67839E-03
+60.04200E-03,+33.81708507E+00,+85.67839E-03
+60.07100E-03,+33.72060265E+00,+71.85929E-03
+60.10000E-03,+33.18994939E+00,+81.90955E-03
+60.12900E-03,+33.18994939E+00,+71.85929E-03
+60.15800E-03,+33.81708507E+00,+89.44723E-03
+60.18700E-03,+33.18994939E+00,+79.39698E-03
+60.21600E-03,+33.96180868E+00,+81.90955E-03
+60.24500E-03,+33.96180868E+00,+71.85929E-03
+60.27400E-03,+33.33467301E+00,+102.01005E-03
+60.30300E-03,+33.43115542E+00,+85.67839E-03
+60.33200E-03,+33.81708507E+00,+102.01005E-03
+60.36100E-03,+33.96180868E+00,+71.85929E-03
+60.39000E-03,+33.96180868E+00,+81.90955E-03
+60.41900E-03,+33.96180868E+00,+85.67839E-03
+60.44800E-03,+33.33467301E+00,+85.67839E-03
+60.47700E-03,+33.96180868E+00,+79.39698E-03
+60.50600E-03,+34.44422074E+00,+85.67839E-03
+60.53500E-03,+33.96180868E+00,+91.95980E-03
+60.56400E-03,+34.10653230E+00,+102.01005E-03
+60.59300E-03,+33.96180868E+00,+79.39698E-03
+60.62200E-03,+34.10653230E+00,+69.34673E-03
+60.65100E-03,+33.67236145E+00,+85.67839E-03
+60.68000E-03,+34.58894435E+00,+85.67839E-03
+60.70900E-03,+34.20301471E+00,+85.67839E-03
+60.73800E-03,+34.73366797E+00,+85.67839E-03
+60.76700E-03,+34.73366797E+00,+71.85929E-03
+60.79600E-03,+34.10653230E+00,+85.67839E-03
+60.82500E-03,+34.49246194E+00,+59.29648E-03
+60.85400E-03,+35.21608003E+00,+61.80904E-03
+60.88300E-03,+34.73366797E+00,+85.67839E-03
+60.91200E-03,+34.58894435E+00,+102.01005E-03
+60.94100E-03,+34.73366797E+00,+51.75879E-03
+60.97000E-03,+34.58894435E+00,+69.34673E-03
+60.99900E-03,+35.02311520E+00,+65.57789E-03
+61.02800E-03,+35.36080364E+00,+65.57789E-03
+61.05700E-03,+34.73366797E+00,+58.04020E-03
+61.08600E-03,+35.02311520E+00,+81.90955E-03
+61.11500E-03,+34.97487400E+00,+65.57789E-03
+61.14400E-03,+35.50552726E+00,+65.57789E-03
+61.17300E-03,+35.26432123E+00,+71.85929E-03
+61.20200E-03,+34.87839159E+00,+69.34673E-03
+61.23100E-03,+35.26432123E+00,+71.85929E-03
+61.26000E-03,+35.50552726E+00,+98.24120E-03
+61.28900E-03,+35.26432123E+00,+85.67839E-03
+61.31800E-03,+35.50552726E+00,+85.67839E-03
+61.34700E-03,+35.50552726E+00,+51.75879E-03
+61.37600E-03,+34.87839159E+00,+78.14070E-03
+61.40500E-03,+34.73366797E+00,+79.39698E-03
+61.43400E-03,+35.50552726E+00,+69.34673E-03
+61.46300E-03,+35.50552726E+00,+65.57789E-03
+61.49200E-03,+35.50552726E+00,+69.34673E-03
+61.52100E-03,+34.97487400E+00,+65.57789E-03
+61.55000E-03,+36.13266293E+00,+49.24623E-03
+61.57900E-03,+36.03618052E+00,+93.21608E-03
+61.60800E-03,+35.79497449E+00,+78.14070E-03
+61.63700E-03,+35.74673329E+00,+65.57789E-03
+61.66600E-03,+35.65025087E+00,+85.67839E-03
+61.69500E-03,+36.27738655E+00,+71.85929E-03
+61.72400E-03,+36.27738655E+00,+81.90955E-03
+61.75300E-03,+36.27738655E+00,+65.57789E-03
+61.78200E-03,+36.13266293E+00,+85.67839E-03
+61.81100E-03,+36.27738655E+00,+85.67839E-03
+61.84000E-03,+37.04924583E+00,+85.67839E-03
+61.86900E-03,+36.03618052E+00,+85.67839E-03
+61.89800E-03,+36.90452222E+00,+105.77889E-03
+61.92700E-03,+36.80803981E+00,+85.67839E-03
+61.95600E-03,+36.90452222E+00,+89.44723E-03
+61.98500E-03,+37.04924583E+00,+99.49748E-03
+62.01400E-03,+36.27738655E+00,+85.67839E-03
+62.04300E-03,+36.51859257E+00,+79.39698E-03
+62.07200E-03,+36.27738655E+00,+73.11558E-03
+62.10100E-03,+37.04924583E+00,+105.77889E-03
+62.13000E-03,+36.42211016E+00,+102.01005E-03
+62.15900E-03,+37.04924583E+00,+99.49748E-03
+62.18800E-03,+37.04924583E+00,+102.01005E-03
+62.21700E-03,+37.04924583E+00,+112.06030E-03
+62.24600E-03,+37.19396945E+00,+105.77889E-03
+62.27500E-03,+37.04924583E+00,+112.06030E-03
+62.30400E-03,+37.67638151E+00,+105.77889E-03
+62.33300E-03,+37.29045186E+00,+125.87939E-03
+62.36200E-03,+37.04924583E+00,+145.97990E-03
+62.39100E-03,+37.29045186E+00,+112.06030E-03
+62.42000E-03,+37.82110512E+00,+129.64824E-03
+62.44900E-03,+37.57989909E+00,+145.97990E-03
+62.47800E-03,+37.19396945E+00,+125.87939E-03
+62.50700E-03,+37.04924583E+00,+159.79899E-03
+62.53600E-03,+37.82110512E+00,+145.97990E-03
+62.56500E-03,+37.57989909E+00,+159.79899E-03
+62.59400E-03,+37.82110512E+00,+166.08040E-03
+62.62300E-03,+37.57989909E+00,+139.69849E-03
+62.65200E-03,+37.82110512E+00,+142.21105E-03
+62.68100E-03,+37.57989909E+00,+132.16080E-03
+62.71000E-03,+37.82110512E+00,+145.97990E-03
+62.73900E-03,+38.59296441E+00,+132.16080E-03
+62.76800E-03,+37.82110512E+00,+166.08040E-03
+62.79700E-03,+37.82110512E+00,+145.97990E-03
+62.82600E-03,+37.96582874E+00,+145.97990E-03
+62.85500E-03,+37.29045186E+00,+145.97990E-03
+62.88400E-03,+38.44824079E+00,+166.08040E-03
+62.91300E-03,+38.06231115E+00,+166.08040E-03
+62.94200E-03,+37.96582874E+00,+162.31155E-03
+62.97100E-03,+37.82110512E+00,+159.79899E-03
+63.00000E-03,+39.22010008E+00,+169.84924E-03
+63.02900E-03,+38.06231115E+00,+166.08040E-03
+63.05800E-03,+38.59296441E+00,+162.31155E-03
+63.08700E-03,+38.35175838E+00,+159.79899E-03
+63.11600E-03,+38.44824079E+00,+149.74874E-03
+63.14500E-03,+38.59296441E+00,+166.08040E-03
+63.17400E-03,+39.22010008E+00,+145.97990E-03
+63.20300E-03,+38.59296441E+00,+179.89949E-03
+63.23200E-03,+37.96582874E+00,+149.74874E-03
+63.26100E-03,+38.30351718E+00,+138.44221E-03
+63.29000E-03,+38.44824079E+00,+149.74874E-03
+63.31900E-03,+38.83417044E+00,+145.97990E-03
+63.34800E-03,+38.59296441E+00,+142.21105E-03
+63.37700E-03,+38.83417044E+00,+152.26130E-03
+63.40600E-03,+39.22010008E+00,+145.97990E-03
+63.43500E-03,+38.83417044E+00,+145.97990E-03
+63.46400E-03,+38.73768803E+00,+145.97990E-03
+63.49300E-03,+38.88241164E+00,+152.26130E-03
+63.52200E-03,+39.36482370E+00,+162.31155E-03
+63.55100E-03,+39.36482370E+00,+145.97990E-03
+63.58000E-03,+39.36482370E+00,+142.21105E-03
+63.60900E-03,+39.89547696E+00,+145.97990E-03
+63.63800E-03,+39.36482370E+00,+162.31155E-03
+63.66700E-03,+39.36482370E+00,+125.87939E-03
+63.69600E-03,+39.36482370E+00,+142.21105E-03
+63.72500E-03,+39.36482370E+00,+125.87939E-03
+63.75400E-03,+39.22010008E+00,+149.74874E-03
+63.78300E-03,+40.13668299E+00,+132.16080E-03
+63.81200E-03,+39.99195937E+00,+122.11055E-03
+63.84100E-03,+40.13668299E+00,+132.16080E-03
+63.87000E-03,+40.13668299E+00,+125.87939E-03
+63.89900E-03,+39.60602973E+00,+132.16080E-03
+63.92800E-03,+40.13668299E+00,+129.64824E-03
+63.95700E-03,+40.13668299E+00,+125.87939E-03
+63.98600E-03,+39.65427093E+00,+142.21105E-03
+64.01500E-03,+40.13668299E+00,+112.06030E-03
+64.04400E-03,+40.13668299E+00,+122.11055E-03
+64.07300E-03,+39.84723576E+00,+125.87939E-03
+64.10200E-03,+40.13668299E+00,+125.87939E-03
+64.13100E-03,+40.13668299E+00,+125.87939E-03
+64.16000E-03,+39.50954731E+00,+109.54774E-03
+64.18900E-03,+40.66733625E+00,+125.87939E-03
+64.21800E-03,+40.90854228E+00,+122.11055E-03
+64.24700E-03,+40.37788902E+00,+119.59799E-03
+64.27600E-03,+40.76381866E+00,+105.77889E-03
+64.30500E-03,+40.66733625E+00,+125.87939E-03
+64.33400E-03,+40.28140660E+00,+122.11055E-03
+64.36300E-03,+40.37788902E+00,+119.59799E-03
+64.39200E-03,+40.90854228E+00,+125.87939E-03
+64.42100E-03,+41.43919554E+00,+119.59799E-03
+64.45000E-03,+40.90854228E+00,+122.11055E-03
+64.47900E-03,+41.14974830E+00,+125.87939E-03
+64.50800E-03,+41.05326589E+00,+145.97990E-03
+64.53700E-03,+41.14974830E+00,+132.16080E-03
+64.56600E-03,+41.05326589E+00,+109.54774E-03
+64.59500E-03,+40.90854228E+00,+132.16080E-03
+64.62400E-03,+41.53567795E+00,+129.64824E-03
+64.65300E-03,+40.90854228E+00,+145.97990E-03
+64.68200E-03,+41.68040156E+00,+145.97990E-03
+64.71100E-03,+41.43919554E+00,+138.44221E-03
+64.74000E-03,+41.05326589E+00,+145.97990E-03
+64.76900E-03,+41.68040156E+00,+166.08040E-03
+64.79800E-03,+41.68040156E+00,+162.31155E-03
+64.82700E-03,+41.39095433E+00,+166.08040E-03
+64.85600E-03,+41.68040156E+00,+162.31155E-03
+64.88500E-03,+41.68040156E+00,+159.79899E-03
+64.91400E-03,+41.68040156E+00,+169.84924E-03
+64.94300E-03,+42.21105482E+00,+172.36181E-03
+64.97200E-03,+41.68040156E+00,+178.64321E-03
+65.00100E-03,+41.68040156E+00,+179.89949E-03
+65.03000E-03,+41.05326589E+00,+202.51256E-03
+65.05900E-03,+42.45226085E+00,+186.18090E-03
+65.08800E-03,+41.68040156E+00,+202.51256E-03
+65.11700E-03,+41.68040156E+00,+192.46231E-03
+65.14600E-03,+41.68040156E+00,+186.18090E-03
+65.17500E-03,+41.92160759E+00,+200.00000E-03
+65.20400E-03,+42.45226085E+00,+210.05025E-03
+65.23300E-03,+41.92160759E+00,+213.81909E-03
+65.26200E-03,+41.82512518E+00,+202.51256E-03
+65.29100E-03,+42.21105482E+00,+212.56281E-03
+65.32000E-03,+42.59698447E+00,+222.61306E-03
+65.34900E-03,+42.69346688E+00,+212.56281E-03
+65.37800E-03,+42.30753724E+00,+242.71356E-03
+65.40700E-03,+42.98291411E+00,+218.84422E-03
+65.43600E-03,+42.59698447E+00,+226.38191E-03
+65.46500E-03,+42.69346688E+00,+206.28140E-03
+65.49400E-03,+42.45226085E+00,+246.48241E-03
+65.52300E-03,+42.98291411E+00,+232.66331E-03
+65.55200E-03,+43.22412014E+00,+230.15075E-03
+65.58100E-03,+42.69346688E+00,+240.20100E-03
+65.61000E-03,+43.22412014E+00,+246.48241E-03
+65.63900E-03,+42.45226085E+00,+226.38191E-03
+65.66800E-03,+42.45226085E+00,+246.48241E-03
+65.69700E-03,+42.69346688E+00,+232.66331E-03
+65.72600E-03,+43.07939652E+00,+230.15075E-03
+65.75500E-03,+42.98291411E+00,+240.20100E-03
+65.78400E-03,+43.07939652E+00,+230.15075E-03
+65.81300E-03,+42.69346688E+00,+246.48241E-03
+65.84200E-03,+43.22412014E+00,+246.48241E-03
+65.87100E-03,+43.22412014E+00,+246.48241E-03
+65.90000E-03,+42.59698447E+00,+226.38191E-03
+65.92900E-03,+43.46532617E+00,+246.48241E-03
+65.95800E-03,+43.22412014E+00,+246.48241E-03
+65.98700E-03,+42.93467291E+00,+226.38191E-03
+66.01600E-03,+43.99597943E+00,+246.48241E-03
+66.04500E-03,+43.70653220E+00,+220.10050E-03
+66.07400E-03,+43.22412014E+00,+226.38191E-03
+66.10300E-03,+43.99597943E+00,+232.66331E-03
+66.13200E-03,+43.85125581E+00,+242.71356E-03
+66.16100E-03,+43.75477340E+00,+220.10050E-03
+66.19000E-03,+44.62311510E+00,+222.61306E-03
+66.21900E-03,+43.99597943E+00,+246.48241E-03
+66.24800E-03,+43.99597943E+00,+210.05025E-03
+66.27700E-03,+43.99597943E+00,+220.10050E-03
+66.30600E-03,+43.99597943E+00,+206.28140E-03
+66.33500E-03,+44.23718546E+00,+233.91959E-03
+66.36400E-03,+43.99597943E+00,+210.05025E-03
+66.39300E-03,+43.99597943E+00,+192.46231E-03
+66.42200E-03,+43.99597943E+00,+206.28140E-03
+66.45100E-03,+43.99597943E+00,+212.56281E-03
+66.48000E-03,+44.62311510E+00,+210.05025E-03
+66.50900E-03,+43.99597943E+00,+200.00000E-03
+66.53800E-03,+43.99597943E+00,+189.94974E-03
+66.56700E-03,+44.76783872E+00,+200.00000E-03
+66.59600E-03,+43.99597943E+00,+189.94974E-03
+66.62500E-03,+43.99597943E+00,+200.00000E-03
+66.65400E-03,+44.14070304E+00,+189.94974E-03
+66.68300E-03,+44.52663269E+00,+186.18090E-03
+66.71200E-03,+44.91256233E+00,+198.74371E-03
+66.74100E-03,+44.23718546E+00,+172.36181E-03
+66.77000E-03,+44.76783872E+00,+202.51256E-03
+66.79900E-03,+44.47839148E+00,+179.89949E-03
+66.82800E-03,+44.14070304E+00,+169.84924E-03
+66.85700E-03,+44.76783872E+00,+186.18090E-03
+66.88600E-03,+45.39497439E+00,+169.84924E-03
+66.91500E-03,+45.29849198E+00,+193.71859E-03
+66.94400E-03,+44.91256233E+00,+162.31155E-03
+66.97300E-03,+45.00904474E+00,+178.64321E-03
+67.00200E-03,+44.91256233E+00,+169.84924E-03
+67.03100E-03,+44.47839148E+00,+192.46231E-03
+67.06000E-03,+44.91256233E+00,+186.18090E-03
+67.08900E-03,+45.53969800E+00,+200.00000E-03
+67.11800E-03,+45.53969800E+00,+169.84924E-03
+67.14700E-03,+45.29849198E+00,+179.89949E-03
+67.17600E-03,+44.91256233E+00,+186.18090E-03
+67.20500E-03,+45.78090403E+00,+179.89949E-03
+67.23400E-03,+46.16683368E+00,+169.84924E-03
+67.26300E-03,+45.53969800E+00,+186.18090E-03
+67.29200E-03,+45.68442162E+00,+189.94974E-03
+67.32100E-03,+45.53969800E+00,+186.18090E-03
+67.35000E-03,+45.68442162E+00,+189.94974E-03
+67.37900E-03,+46.84221055E+00,+206.28140E-03
+67.40800E-03,+46.31155729E+00,+202.51256E-03
+67.43700E-03,+45.78090403E+00,+198.74371E-03
+67.46600E-03,+46.16683368E+00,+186.18090E-03
+67.49500E-03,+45.78090403E+00,+206.28140E-03
+67.52400E-03,+46.93869297E+00,+210.05025E-03
+67.55300E-03,+45.53969800E+00,+220.10050E-03
+67.58200E-03,+46.31155729E+00,+210.05025E-03
+67.61100E-03,+46.31155729E+00,+200.00000E-03
+67.64000E-03,+46.93869297E+00,+230.15075E-03
+67.66900E-03,+46.84221055E+00,+226.38191E-03
+67.69800E-03,+46.31155729E+00,+242.71356E-03
+67.72700E-03,+46.55276332E+00,+240.20100E-03
+67.75600E-03,+46.31155729E+00,+246.48241E-03
+67.78500E-03,+46.31155729E+00,+246.48241E-03
+67.81400E-03,+46.31155729E+00,+246.48241E-03
+67.84300E-03,+47.08341658E+00,+260.30150E-03
+67.87200E-03,+46.45628091E+00,+286.68341E-03
+67.90100E-03,+47.61406984E+00,+266.58291E-03
+67.93000E-03,+47.08341658E+00,+282.91457E-03
+67.95900E-03,+47.32462261E+00,+286.68341E-03
+67.98800E-03,+46.45628091E+00,+286.68341E-03
+68.01700E-03,+47.61406984E+00,+286.68341E-03
+68.04600E-03,+46.93869297E+00,+290.45226E-03
+68.07500E-03,+47.08341658E+00,+286.68341E-03
+68.10400E-03,+46.45628091E+00,+306.78391E-03
+68.13300E-03,+47.61406984E+00,+299.24623E-03
+68.16200E-03,+47.22814020E+00,+306.78391E-03
+68.19100E-03,+47.32462261E+00,+326.88442E-03
+68.22000E-03,+46.45628091E+00,+290.45226E-03
+68.24900E-03,+47.85527587E+00,+313.06532E-03
+68.27800E-03,+48.33768793E+00,+310.55276E-03
+68.30700E-03,+47.85527587E+00,+313.06532E-03
+68.33600E-03,+47.85527587E+00,+326.88442E-03
+68.36500E-03,+47.85527587E+00,+326.88442E-03
+68.39400E-03,+47.85527587E+00,+346.98492E-03
+68.42300E-03,+47.61406984E+00,+326.88442E-03
+68.45200E-03,+48.48241154E+00,+330.65326E-03
+68.48100E-03,+48.38592913E+00,+340.70351E-03
+68.51000E-03,+47.22814020E+00,+346.98492E-03
+68.53900E-03,+47.85527587E+00,+353.26633E-03
+68.56800E-03,+47.99999949E+00,+343.21607E-03
+68.59700E-03,+48.09648190E+00,+360.80401E-03
+68.62600E-03,+47.85527587E+00,+363.31658E-03
+68.65500E-03,+48.09648190E+00,+340.70351E-03
+68.68400E-03,+48.48241154E+00,+334.42211E-03
+68.71300E-03,+48.62713516E+00,+346.98492E-03
+68.74200E-03,+47.99999949E+00,+346.98492E-03
+68.77100E-03,+48.38592913E+00,+346.98492E-03
+68.80000E-03,+47.99999949E+00,+330.65326E-03
+68.82900E-03,+48.86834119E+00,+367.08542E-03
+68.85800E-03,+47.99999949E+00,+334.42211E-03
+68.88700E-03,+48.38592913E+00,+346.98492E-03
+68.91600E-03,+49.25427083E+00,+346.98492E-03
+68.94500E-03,+48.86834119E+00,+333.16582E-03
+68.97400E-03,+48.77185877E+00,+330.65326E-03
+69.00300E-03,+48.62713516E+00,+326.88442E-03
+69.03200E-03,+48.77185877E+00,+326.88442E-03
+69.06100E-03,+49.15778842E+00,+326.88442E-03
+69.09000E-03,+49.25427083E+00,+314.32160E-03
+69.11900E-03,+49.15778842E+00,+326.88442E-03
+69.14800E-03,+48.62713516E+00,+326.88442E-03
+69.17700E-03,+48.86834119E+00,+306.78391E-03
+69.20600E-03,+49.25427083E+00,+290.45226E-03
+69.23500E-03,+49.39899445E+00,+313.06532E-03
+69.26400E-03,+48.77185877E+00,+303.01507E-03
+69.29300E-03,+48.62713516E+00,+306.78391E-03
+69.32200E-03,+48.91658239E+00,+306.78391E-03
+69.35100E-03,+48.86834119E+00,+286.68341E-03
+69.38000E-03,+50.02613012E+00,+286.68341E-03
+69.40900E-03,+49.39899445E+00,+300.50251E-03
+69.43800E-03,+48.77185877E+00,+282.91457E-03
+69.46700E-03,+49.10954721E+00,+266.58291E-03
+69.49600E-03,+49.54371806E+00,+286.68341E-03
+69.52500E-03,+49.64020047E+00,+252.76381E-03
+69.55400E-03,+48.77185877E+00,+270.35175E-03
+69.58300E-03,+49.39899445E+00,+260.30150E-03
+69.61200E-03,+49.54371806E+00,+246.48241E-03
+69.64100E-03,+50.17085373E+00,+266.58291E-03
+69.67000E-03,+50.02613012E+00,+233.91959E-03
+69.69900E-03,+49.64020047E+00,+266.58291E-03
+69.72800E-03,+50.02613012E+00,+250.25125E-03
+69.75700E-03,+49.39899445E+00,+246.48241E-03
+69.78600E-03,+49.54371806E+00,+246.48241E-03
+69.81500E-03,+49.88140650E+00,+266.58291E-03
+69.84400E-03,+50.02613012E+00,+262.81407E-03
+69.87300E-03,+50.41205976E+00,+238.94472E-03
+69.90200E-03,+50.17085373E+00,+246.48241E-03
+69.93100E-03,+50.41205976E+00,+246.48241E-03
+69.96000E-03,+50.17085373E+00,+279.14572E-03
+69.98900E-03,+50.17085373E+00,+266.58291E-03
+70.01800E-03,+50.94271302E+00,+266.58291E-03
+70.04700E-03,+50.70150699E+00,+260.30150E-03
+70.07600E-03,+50.17085373E+00,+246.48241E-03
+70.10500E-03,+49.64020047E+00,+266.58291E-03
+70.13400E-03,+50.17085373E+00,+262.81407E-03
+70.16300E-03,+50.41205976E+00,+280.40201E-03
+70.19200E-03,+51.08743664E+00,+266.58291E-03
+70.22100E-03,+50.41205976E+00,+272.86432E-03
+70.25000E-03,+50.94271302E+00,+262.81407E-03
+70.27900E-03,+50.94271302E+00,+280.40201E-03
+70.30800E-03,+50.94271302E+00,+286.68341E-03
+70.33700E-03,+50.65326579E+00,+300.50251E-03
+70.36600E-03,+50.17085373E+00,+299.24623E-03
+70.39500E-03,+50.94271302E+00,+292.96482E-03
+70.42400E-03,+51.71457231E+00,+290.45226E-03
+70.45300E-03,+51.95577834E+00,+306.78391E-03
+70.48200E-03,+51.71457231E+00,+303.01507E-03
+70.51100E-03,+50.94271302E+00,+306.78391E-03
+70.54000E-03,+51.56984869E+00,+326.88442E-03
+70.56900E-03,+51.47336628E+00,+333.16582E-03
+70.59800E-03,+51.08743664E+00,+323.11557E-03
+70.62700E-03,+51.71457231E+00,+354.52261E-03
+70.65600E-03,+51.56984869E+00,+343.21607E-03
+70.68500E-03,+52.48643160E+00,+367.08542E-03
+70.71400E-03,+51.71457231E+00,+346.98492E-03
+70.74300E-03,+51.47336628E+00,+373.36683E-03
+70.77200E-03,+51.56984869E+00,+367.08542E-03
+70.80100E-03,+51.71457231E+00,+373.36683E-03
+70.83000E-03,+51.71457231E+00,+390.95477E-03
+70.85900E-03,+52.24522557E+00,+387.18592E-03
+70.88800E-03,+52.34170798E+00,+370.85427E-03
+70.91700E-03,+52.77587883E+00,+421.10552E-03
+70.94600E-03,+51.85929593E+00,+407.28643E-03
+70.97500E-03,+51.71457231E+00,+401.00502E-03
+71.00400E-03,+51.85929593E+00,+427.38693E-03
+71.03300E-03,+52.48643160E+00,+427.38693E-03
+71.06200E-03,+52.48643160E+00,+411.05527E-03
+71.09100E-03,+51.71457231E+00,+427.38693E-03
+71.12000E-03,+51.85929593E+00,+451.25627E-03
+71.14900E-03,+52.48643160E+00,+441.20602E-03
+71.17800E-03,+51.85929593E+00,+447.48743E-03
+71.20700E-03,+53.01708486E+00,+447.48743E-03
+71.23600E-03,+52.48643160E+00,+427.38693E-03
+71.26500E-03,+52.19698437E+00,+453.76884E-03
+71.29400E-03,+52.48643160E+00,+471.35678E-03
+71.32300E-03,+53.01708486E+00,+439.94974E-03
+71.35200E-03,+52.63115521E+00,+451.25627E-03
+71.38100E-03,+52.77587883E+00,+447.48743E-03
+71.41000E-03,+52.63115521E+00,+467.58793E-03
+71.43900E-03,+53.01708486E+00,+453.76884E-03
+71.46800E-03,+52.63115521E+00,+447.48743E-03
+71.49700E-03,+53.01708486E+00,+473.86934E-03
+71.52600E-03,+53.25829089E+00,+467.58793E-03
+71.55500E-03,+53.25829089E+00,+467.58793E-03
+71.58400E-03,+53.11356727E+00,+467.58793E-03
+71.61300E-03,+52.72763763E+00,+467.58793E-03
+71.64200E-03,+53.11356727E+00,+483.91959E-03
+71.67100E-03,+53.25829089E+00,+467.58793E-03
+71.70000E-03,+53.11356727E+00,+467.58793E-03
+71.72900E-03,+53.25829089E+00,+467.58793E-03
+71.75800E-03,+53.88542656E+00,+460.05024E-03
+71.78700E-03,+53.78894415E+00,+453.76884E-03
+71.81600E-03,+53.88542656E+00,+447.48743E-03
+71.84500E-03,+52.72763763E+00,+447.48743E-03
+71.87400E-03,+54.03015018E+00,+451.25627E-03
+71.90300E-03,+53.25829089E+00,+427.38693E-03
+71.93200E-03,+53.25829089E+00,+431.15577E-03
+71.96100E-03,+53.78894415E+00,+413.56783E-03
+71.99000E-03,+54.03015018E+00,+427.38693E-03
+72.01900E-03,+54.03015018E+00,+427.38693E-03
+72.04800E-03,+53.25829089E+00,+414.82411E-03
+72.07700E-03,+53.49949692E+00,+421.10552E-03
+72.10600E-03,+54.03015018E+00,+407.28643E-03
+72.13500E-03,+54.56080344E+00,+393.46733E-03
+72.16400E-03,+54.03015018E+00,+407.28643E-03
+72.19300E-03,+54.56080344E+00,+393.46733E-03
+72.22200E-03,+54.80200946E+00,+419.84924E-03
+72.25100E-03,+54.80200946E+00,+380.90452E-03
+72.28000E-03,+54.65728585E+00,+383.41708E-03
+72.30900E-03,+54.27135620E+00,+399.74874E-03
+72.33800E-03,+54.65728585E+00,+387.18592E-03
+72.36700E-03,+55.04321549E+00,+387.18592E-03
+72.39600E-03,+54.17487379E+00,+387.18592E-03
+72.42500E-03,+54.03015018E+00,+380.90452E-03
+72.45400E-03,+54.80200946E+00,+383.41708E-03
+72.48300E-03,+54.27135620E+00,+360.80401E-03
+72.51200E-03,+54.80200946E+00,+367.08542E-03
+72.54100E-03,+54.80200946E+00,+346.98492E-03
+72.57000E-03,+55.42914514E+00,+367.08542E-03
+72.59900E-03,+55.57386875E+00,+346.98492E-03
+72.62800E-03,+55.42914514E+00,+350.75376E-03
+72.65700E-03,+54.80200946E+00,+367.08542E-03
+72.68600E-03,+55.57386875E+00,+350.75376E-03
+72.71500E-03,+55.57386875E+00,+346.98492E-03
+72.74400E-03,+54.80200946E+00,+367.08542E-03
+72.77300E-03,+55.04321549E+00,+367.08542E-03
+72.80200E-03,+54.94673308E+00,+343.21607E-03
+72.83100E-03,+55.57386875E+00,+346.98492E-03
+72.86000E-03,+55.57386875E+00,+350.75376E-03
+72.88900E-03,+55.57386875E+00,+360.80401E-03
+72.91800E-03,+56.20100442E+00,+370.85427E-03
+72.94700E-03,+55.81507478E+00,+367.08542E-03
+72.97600E-03,+55.57386875E+00,+383.41708E-03
+73.00500E-03,+55.57386875E+00,+333.16582E-03
+73.03400E-03,+56.05628081E+00,+367.08542E-03
+73.06300E-03,+55.33266272E+00,+367.08542E-03
+73.09200E-03,+55.09145670E+00,+367.08542E-03
+73.12100E-03,+55.33266272E+00,+393.46733E-03
+73.15000E-03,+55.09145669E+00,+387.18592E-03
+73.17900E-03,+55.81507478E+00,+373.36683E-03
+73.20800E-03,+55.86331598E+00,+419.84924E-03
+73.23700E-03,+55.81507478E+00,+401.00502E-03
+73.26600E-03,+57.11758733E+00,+390.95477E-03
+73.29500E-03,+56.34572804E+00,+413.56783E-03
+73.32400E-03,+56.49045166E+00,+411.05527E-03
+73.35300E-03,+56.10452201E+00,+447.48743E-03
+73.38200E-03,+56.34572804E+00,+427.38693E-03
+73.41100E-03,+56.34572804E+00,+447.48743E-03
+73.44000E-03,+56.97286371E+00,+443.71859E-03
+73.46900E-03,+56.34572804E+00,+441.20602E-03
+73.49800E-03,+56.97286371E+00,+431.15577E-03
+73.52700E-03,+56.34572804E+00,+461.30653E-03
+73.55600E-03,+57.11758733E+00,+467.58793E-03
+73.58500E-03,+56.34572804E+00,+473.86934E-03
+73.61400E-03,+56.97286371E+00,+487.68844E-03
+73.64300E-03,+56.58693407E+00,+507.78894E-03
+73.67200E-03,+56.49045166E+00,+500.25125E-03
+73.70100E-03,+56.87638130E+00,+514.07034E-03
+73.73000E-03,+56.97286371E+00,+527.88944E-03
+73.75900E-03,+56.34572804E+00,+521.60803E-03
+73.78800E-03,+56.34572804E+00,+540.45225E-03
+73.81700E-03,+57.11758733E+00,+547.98994E-03
+73.84600E-03,+57.11758733E+00,+531.65828E-03
+73.87500E-03,+57.35879336E+00,+554.27135E-03
+73.90400E-03,+57.11758733E+00,+568.09044E-03
+73.93300E-03,+57.88944662E+00,+547.98994E-03
+73.96200E-03,+57.74472300E+00,+588.19095E-03
+73.99100E-03,+57.64824059E+00,+575.62813E-03
+74.02000E-03,+57.74472300E+00,+584.42210E-03
+74.04900E-03,+57.35879336E+00,+580.65326E-03
+74.07800E-03,+57.26231094E+00,+608.29145E-03
+74.10700E-03,+57.64824059E+00,+594.47235E-03
+74.13600E-03,+57.26231094E+00,+595.72864E-03
+74.16500E-03,+57.64824059E+00,+608.29145E-03
+74.19400E-03,+57.40703456E+00,+591.95979E-03
+74.22300E-03,+57.88944662E+00,+628.39195E-03
+74.25200E-03,+57.74472300E+00,+628.39195E-03
+74.28100E-03,+58.66130590E+00,+614.57286E-03
+74.31000E-03,+57.88944662E+00,+624.62311E-03
+74.33900E-03,+57.88944662E+00,+642.21105E-03
+74.36800E-03,+57.26231094E+00,+624.62311E-03
+74.39700E-03,+58.66130590E+00,+628.39195E-03
+74.42600E-03,+58.03417023E+00,+628.39195E-03
+74.45500E-03,+57.88944662E+00,+620.85426E-03
+74.48400E-03,+59.28844158E+00,+612.06029E-03
+74.51300E-03,+57.64824059E+00,+628.39195E-03
+74.54200E-03,+57.88944662E+00,+612.06029E-03
+74.57100E-03,+58.13065264E+00,+634.67336E-03
+74.60000E-03,+58.03417023E+00,+628.39195E-03
+74.62900E-03,+57.88944662E+00,+614.57286E-03
+74.65800E-03,+58.66130590E+00,+612.06029E-03
+74.68700E-03,+58.66130590E+00,+608.29145E-03
+74.71600E-03,+58.66130590E+00,+608.29145E-03
+74.74500E-03,+59.19195916E+00,+602.01004E-03
+74.77400E-03,+59.28844158E+00,+591.95979E-03
+74.80300E-03,+58.66130590E+00,+622.11054E-03
+74.83200E-03,+58.80602952E+00,+588.19095E-03
+74.86100E-03,+58.66130590E+00,+588.19095E-03
+74.89000E-03,+58.66130590E+00,+588.19095E-03
+74.91900E-03,+59.43316519E+00,+588.19095E-03
+74.94800E-03,+59.28844158E+00,+588.19095E-03
+74.97700E-03,+58.66130590E+00,+561.80904E-03
+75.00600E-03,+59.43316519E+00,+551.75879E-03
+75.03500E-03,+58.90251193E+00,+568.09044E-03
+75.06400E-03,+59.28844158E+00,+547.98994E-03
+75.09300E-03,+59.43316519E+00,+554.27135E-03
+75.12200E-03,+59.43316519E+00,+564.32160E-03
+75.15100E-03,+58.90251193E+00,+547.98994E-03
+75.18000E-03,+59.43316519E+00,+527.88944E-03
+75.20900E-03,+59.43316519E+00,+554.27135E-03
+75.23800E-03,+58.80602952E+00,+544.22110E-03
+75.26700E-03,+59.43316519E+00,+527.88944E-03
+75.29600E-03,+60.20502448E+00,+527.88944E-03
+75.32500E-03,+59.43316519E+00,+527.88944E-03
+75.35400E-03,+59.57788881E+00,+524.12060E-03
+75.38300E-03,+59.43316519E+00,+507.78894E-03
+75.41200E-03,+59.43316519E+00,+487.68844E-03
+75.44100E-03,+59.67437122E+00,+507.78894E-03
+75.47000E-03,+59.43316519E+00,+491.45728E-03
+75.49900E-03,+60.20502448E+00,+501.50753E-03
+75.52800E-03,+60.20502448E+00,+491.45728E-03
+75.55700E-03,+60.20502448E+00,+507.78894E-03
+75.58600E-03,+59.57788881E+00,+504.02009E-03
+75.61500E-03,+60.20502448E+00,+500.25125E-03
+75.64400E-03,+60.20502448E+00,+483.91959E-03
+75.67300E-03,+59.67437122E+00,+501.50753E-03
+75.70200E-03,+60.20502448E+00,+487.68844E-03
+75.73100E-03,+60.44623051E+00,+487.68844E-03
+75.76000E-03,+60.97688377E+00,+504.02009E-03
+75.78900E-03,+60.73567774E+00,+507.78894E-03
+75.81800E-03,+60.97688377E+00,+491.45728E-03
+75.84700E-03,+60.20502448E+00,+507.78894E-03
+75.87600E-03,+60.34974810E+00,+507.78894E-03
+75.90500E-03,+60.44623051E+00,+514.07034E-03
+75.93400E-03,+60.97688377E+00,+491.45728E-03
+75.96300E-03,+60.44623051E+00,+521.60803E-03
+75.99200E-03,+60.83216015E+00,+527.88944E-03
+76.02100E-03,+60.97688377E+00,+541.70854E-03
+76.05000E-03,+60.83216015E+00,+527.88944E-03
+76.07900E-03,+60.20502448E+00,+527.88944E-03
+76.10800E-03,+61.74874306E+00,+535.42713E-03
+76.13700E-03,+60.97688377E+00,+554.27135E-03
+76.16600E-03,+60.97688377E+00,+551.75879E-03
+76.19500E-03,+60.97688377E+00,+554.27135E-03
+76.22400E-03,+61.12160738E+00,+568.09044E-03
+76.25300E-03,+61.50753703E+00,+588.19095E-03
+76.28200E-03,+60.97688377E+00,+571.85929E-03
+76.31100E-03,+60.97688377E+00,+595.72864E-03
+76.34000E-03,+61.45929583E+00,+608.29145E-03
+76.36900E-03,+61.74874306E+00,+608.29145E-03
+76.39800E-03,+61.60401944E+00,+628.39195E-03
+76.42700E-03,+60.97688377E+00,+628.39195E-03
+76.45600E-03,+61.74874306E+00,+648.49245E-03
+76.48500E-03,+61.74874306E+00,+634.67336E-03
+76.51400E-03,+62.37587873E+00,+644.72361E-03
+76.54300E-03,+61.74874306E+00,+682.41205E-03
+76.57200E-03,+61.89346667E+00,+672.36180E-03
+76.60100E-03,+62.27939632E+00,+668.59296E-03
+76.63000E-03,+62.23115511E+00,+684.92461E-03
+76.65900E-03,+61.98994909E+00,+694.97487E-03
+76.68800E-03,+61.89346667E+00,+696.23115E-03
+76.71700E-03,+62.52060235E+00,+722.61306E-03
+76.74600E-03,+62.52060235E+00,+728.89446E-03
+76.77500E-03,+61.74874306E+00,+735.17587E-03
+76.80400E-03,+61.74874306E+00,+748.99497E-03
+76.83300E-03,+62.52060235E+00,+755.27637E-03
+76.86200E-03,+62.52060235E+00,+772.86431E-03
+76.89100E-03,+61.98994909E+00,+769.09547E-03
+76.92000E-03,+63.14773802E+00,+805.52763E-03
+76.94900E-03,+62.52060235E+00,+803.01507E-03
+76.97800E-03,+62.52060235E+00,+809.29647E-03
+77.00700E-03,+62.27939632E+00,+809.29647E-03
+77.03600E-03,+62.52060235E+00,+809.29647E-03
+77.06500E-03,+63.05125561E+00,+815.57788E-03
+77.09400E-03,+62.52060235E+00,+829.39697E-03
+77.12300E-03,+62.27939632E+00,+829.39697E-03
+77.15200E-03,+62.66532596E+00,+833.16582E-03
+77.18100E-03,+62.76180837E+00,+863.31657E-03
+77.21000E-03,+63.77487369E+00,+833.16582E-03
+77.23900E-03,+62.52060235E+00,+863.31657E-03
+77.26800E-03,+63.29246163E+00,+849.49748E-03
+77.29700E-03,+63.29246163E+00,+869.59798E-03
+77.32600E-03,+62.66532596E+00,+849.49748E-03
+77.35500E-03,+63.05125561E+00,+835.67838E-03
+77.38400E-03,+63.29246163E+00,+869.59798E-03
+77.41300E-03,+64.35376815E+00,+849.49748E-03
+77.44200E-03,+62.52060235E+00,+849.49748E-03
+77.47100E-03,+63.29246163E+00,+849.49748E-03
+77.50000E-03,+63.91959731E+00,+853.26632E-03
+77.52900E-03,+63.82311489E+00,+849.49748E-03
+77.55800E-03,+63.29246163E+00,+849.49748E-03
+77.58700E-03,+63.82311489E+00,+849.49748E-03
+77.61600E-03,+63.14773802E+00,+845.72863E-03
+77.64500E-03,+64.06432092E+00,+835.67838E-03
+77.67400E-03,+63.91959731E+00,+833.16582E-03
+77.70300E-03,+64.06432092E+00,+815.57788E-03
+77.73200E-03,+63.91959731E+00,+836.93466E-03
+77.76100E-03,+63.00301440E+00,+829.39697E-03
+77.79000E-03,+63.91959731E+00,+825.62813E-03
+77.81900E-03,+64.06432092E+00,+809.29647E-03
+77.84800E-03,+64.06432092E+00,+813.06532E-03
+77.87700E-03,+64.06432092E+00,+809.29647E-03
+77.90600E-03,+64.06432092E+00,+809.29647E-03
+77.93500E-03,+64.06432092E+00,+803.01507E-03
+77.96400E-03,+64.06432092E+00,+805.52763E-03
+77.99300E-03,+64.06432092E+00,+782.91456E-03
+78.02200E-03,+64.06432092E+00,+789.19597E-03
+78.05100E-03,+64.30552695E+00,+789.19597E-03
+78.08000E-03,+64.69145659E+00,+785.42713E-03
+78.10900E-03,+65.36683347E+00,+755.27637E-03
+78.13800E-03,+64.69145659E+00,+772.86431E-03
+78.16700E-03,+64.30552695E+00,+762.81406E-03
+78.19600E-03,+64.83618021E+00,+765.32662E-03
+78.22500E-03,+64.59497418E+00,+755.27637E-03
+78.25400E-03,+65.46331588E+00,+748.99497E-03
+78.28300E-03,+64.83618021E+00,+742.71356E-03
+78.31200E-03,+64.98090383E+00,+728.89446E-03
+78.34100E-03,+64.83618021E+00,+742.71356E-03
+78.37000E-03,+64.20904454E+00,+745.22612E-03
+78.39900E-03,+65.36683347E+00,+722.61306E-03
+78.42800E-03,+64.83618021E+00,+728.89446E-03
+78.45700E-03,+65.07738624E+00,+722.61306E-03
+78.48600E-03,+65.46331588E+00,+728.89446E-03
+78.51500E-03,+65.36683347E+00,+722.61306E-03
+78.54400E-03,+64.83618021E+00,+725.12562E-03
+78.57300E-03,+65.07738624E+00,+735.17587E-03
+78.60200E-03,+65.46331588E+00,+728.89446E-03
+78.63100E-03,+65.60803950E+00,+722.61306E-03
+78.66000E-03,+64.98090383E+00,+712.56280E-03
+78.68900E-03,+65.60803950E+00,+722.61306E-03
+78.71800E-03,+65.46331588E+00,+728.89446E-03
+78.74700E-03,+65.60803950E+00,+708.79396E-03
+78.77600E-03,+64.98090383E+00,+725.12562E-03
+78.80500E-03,+65.60803950E+00,+722.61306E-03
+78.83400E-03,+65.60803950E+00,+728.89446E-03
+78.86300E-03,+66.13869276E+00,+728.89446E-03
+78.89200E-03,+65.60803950E+00,+728.89446E-03
+78.92100E-03,+66.13869276E+00,+742.71356E-03
+78.95000E-03,+65.60803950E+00,+781.65828E-03
+78.97900E-03,+66.37989879E+00,+762.81406E-03
+79.00800E-03,+65.75276311E+00,+769.09547E-03
+79.03700E-03,+66.13869276E+00,+781.65828E-03
+79.06600E-03,+66.23517517E+00,+772.86431E-03
+79.09500E-03,+65.84924553E+00,+789.19597E-03
+79.12400E-03,+65.75276311E+00,+792.96481E-03
+79.15300E-03,+66.91055205E+00,+809.29647E-03
+79.18200E-03,+66.23517517E+00,+813.06532E-03
+79.21100E-03,+66.13869276E+00,+835.67838E-03
+79.24000E-03,+67.00703446E+00,+849.49748E-03
+79.26900E-03,+66.62110481E+00,+835.67838E-03
+79.29800E-03,+66.37989879E+00,+853.26632E-03
+79.32700E-03,+66.62110481E+00,+869.59798E-03
+79.35600E-03,+66.37989879E+00,+889.69848E-03
+79.38500E-03,+65.84924553E+00,+895.97989E-03
+79.41400E-03,+66.37989879E+00,+926.13064E-03
+79.44300E-03,+66.62110481E+00,+923.61808E-03
+79.47200E-03,+66.37989879E+00,+917.33667E-03
+79.50100E-03,+66.62110481E+00,+936.18089E-03
+79.53000E-03,+66.37989879E+00,+970.10049E-03
+79.55900E-03,+67.39296410E+00,+976.38190E-03
+79.58800E-03,+67.15175807E+00,+973.86933E-03
+79.61700E-03,+67.15175807E+00,+990.20099E-03
+79.64600E-03,+67.15175807E+00,+1.00653265E+00
+79.67500E-03,+66.91055205E+00,+1.01030149E+00
+79.70400E-03,+66.52462240E+00,+1.04673366E+00
+79.73300E-03,+67.68241133E+00,+1.05050250E+00
+79.76200E-03,+66.52462240E+00,+1.05804019E+00
+79.79100E-03,+67.92361736E+00,+1.08442210E+00
+79.82000E-03,+67.77889375E+00,+1.07060300E+00
+79.84900E-03,+67.15175807E+00,+1.10452260E+00
+79.87800E-03,+67.92361736E+00,+1.11080401E+00
+79.90700E-03,+67.15175807E+00,+1.12462310E+00
+79.93600E-03,+67.29648169E+00,+1.11834169E+00
+79.96500E-03,+67.15175807E+00,+1.13090451E+00
+79.99400E-03,+67.92361736E+00,+1.15100501E+00
+80.02300E-03,+67.92361736E+00,+1.14472360E+00
+80.05200E-03,+67.92361736E+00,+1.16733667E+00
+80.08100E-03,+67.39296410E+00,+1.17110551E+00
+80.11000E-03,+67.92361736E+00,+1.18743717E+00
+80.13900E-03,+67.92361736E+00,+1.17110551E+00
+80.16800E-03,+67.92361736E+00,+1.18743717E+00
+80.19700E-03,+67.92361736E+00,+1.18492461E+00
+80.22600E-03,+67.92361736E+00,+1.21130652E+00
+80.25500E-03,+68.16482339E+00,+1.21130652E+00
+80.28400E-03,+67.92361736E+00,+1.20753767E+00
+80.31300E-03,+67.39296410E+00,+1.21758792E+00
+80.34200E-03,+67.92361736E+00,+1.22763818E+00
+80.37100E-03,+68.16482339E+00,+1.20376883E+00
+80.40000E-03,+67.44120531E+00,+1.23140702E+00
+80.42900E-03,+67.92361736E+00,+1.21758792E+00
+80.45800E-03,+68.06834098E+00,+1.23140702E+00
+80.48700E-03,+68.69547665E+00,+1.22386933E+00
+80.51600E-03,+68.69547665E+00,+1.21884421E+00
+80.54500E-03,+68.16482339E+00,+1.23140702E+00
+80.57400E-03,+68.69547665E+00,+1.21507536E+00
+80.60300E-03,+68.16482339E+00,+1.21758792E+00
+80.63200E-03,+68.69547665E+00,+1.22763818E+00
+80.66100E-03,+69.22612991E+00,+1.21758792E+00
+80.69000E-03,+68.69547665E+00,+1.22763818E+00
+80.71900E-03,+68.69547665E+00,+1.22512561E+00
+80.74800E-03,+69.46733594E+00,+1.21130652E+00
+80.77700E-03,+68.69547665E+00,+1.21130652E+00
+80.80600E-03,+69.32261232E+00,+1.21507536E+00
+80.83500E-03,+69.17788871E+00,+1.19748742E+00
+80.86400E-03,+68.84020027E+00,+1.21130652E+00
+80.89300E-03,+68.69547665E+00,+1.21884421E+00
+80.92200E-03,+69.46733594E+00,+1.20753767E+00
+80.95100E-03,+69.46733594E+00,+1.19748742E+00
+80.98000E-03,+70.09447161E+00,+1.20753767E+00
+81.00900E-03,+69.46733594E+00,+1.17738692E+00
+81.03800E-03,+69.46733594E+00,+1.18743717E+00
+81.06700E-03,+69.46733594E+00,+1.17738692E+00
+81.09600E-03,+69.46733594E+00,+1.18743717E+00
+81.12500E-03,+69.46733594E+00,+1.17110551E+00
+81.15400E-03,+70.23919523E+00,+1.17110551E+00
+81.18300E-03,+69.46733594E+00,+1.15728642E+00
+81.21200E-03,+70.09447161E+00,+1.17110551E+00
+81.24100E-03,+69.99798920E+00,+1.16482411E+00
+81.27000E-03,+70.23919523E+00,+1.16733667E+00
+81.29900E-03,+69.70854197E+00,+1.17110551E+00
+81.32800E-03,+70.09447161E+00,+1.15477386E+00
+81.35700E-03,+69.46733594E+00,+1.16482411E+00
+81.38600E-03,+69.61205956E+00,+1.15100501E+00
+81.41500E-03,+70.23919523E+00,+1.16482411E+00
+81.44400E-03,+70.09447161E+00,+1.17110551E+00
+81.47300E-03,+70.23919523E+00,+1.17110551E+00
+81.50200E-03,+70.86633090E+00,+1.17110551E+00
+81.53100E-03,+70.23919523E+00,+1.17738692E+00
+81.56000E-03,+70.38391884E+00,+1.17110551E+00
+81.58900E-03,+71.01105452E+00,+1.17110551E+00
+81.61800E-03,+70.38391884E+00,+1.15477386E+00
+81.64700E-03,+70.52864246E+00,+1.17738692E+00
+81.67600E-03,+70.38391884E+00,+1.17110551E+00
+81.70500E-03,+70.76984849E+00,+1.17738692E+00
+81.73400E-03,+70.38391884E+00,+1.19120602E+00
+81.76300E-03,+70.48040126E+00,+1.20502511E+00
+81.79200E-03,+71.01105452E+00,+1.21130652E+00
+81.82100E-03,+0.0E+00,-41.20603E-03
+81.85000E-03,+0.0E+00,-47.48744E-03
+81.87900E-03,+241.20603E-03,-21.10553E-03
+81.90800E-03,+0.0E+00,-34.92462E-03
+81.93700E-03,+530.65326E-03,-41.20603E-03
+81.96600E-03,+144.72362E-03,-55.02513E-03
+81.99500E-03,+241.20603E-03,-48.74372E-03
+82.02400E-03,+771.85929E-03,-18.59297E-03
+82.05300E-03,+0.0E+00,-34.92462E-03
+82.08200E-03,+627.13567E-03,-38.69347E-03
+82.11100E-03,+0.0E+00,-41.20603E-03
+82.14000E-03,-627.13567E-03,-18.59297E-03
+82.16900E-03,+0.0E+00,-48.74372E-03
+82.19800E-03,+144.72362E-03,-18.59297E-03
+82.22700E-03,+530.65326E-03,-48.74372E-03
+82.25600E-03,+0.0E+00,-47.48744E-03
+82.28500E-03,+0.0E+00,-21.10553E-03
+82.31400E-03,+0.0E+00,-34.92462E-03
+82.34300E-03,+0.0E+00,-34.92462E-03
+82.37200E-03,+0.0E+00,-34.92462E-03
+82.40100E-03,+241.20603E-03,-41.20603E-03
+82.43000E-03,+627.13567E-03,-34.92462E-03
+82.45900E-03,+771.85929E-03,-34.92462E-03
+82.48800E-03,+0.0E+00,-14.82412E-03
+82.51700E-03,+0.0E+00,-21.10553E-03
+82.54600E-03,+0.0E+00,-34.92462E-03
+82.57500E-03,-289.44723E-03,-48.74372E-03
+82.60400E-03,+0.0E+00,-55.02513E-03
+82.63300E-03,+0.0E+00,-34.92462E-03
+82.66200E-03,+0.0E+00,-34.92462E-03
+82.69100E-03,+0.0E+00,-42.46231E-03
+82.72000E-03,+627.13567E-03,-31.15578E-03
+82.74900E-03,-530.65326E-03,-21.10553E-03
+82.77800E-03,+144.72362E-03,-34.92462E-03
+82.80700E-03,+530.65326E-03,-34.92462E-03
+82.83600E-03,+0.0E+00,-51.25628E-03
+82.86500E-03,+0.0E+00,-21.10553E-03
+82.89400E-03,+144.72362E-03,-51.25628E-03
+82.92300E-03,+530.65326E-03,-28.64322E-03
+82.95200E-03,+627.13567E-03,-22.36181E-03
+82.98100E-03,+0.0E+00,-41.20603E-03
+83.01000E-03,+0.0E+00,-18.59297E-03
+83.03900E-03,+0.0E+00,-21.10553E-03
+83.06800E-03,+144.72362E-03,-22.36181E-03
+83.09700E-03,+0.0E+00,-41.20603E-03
+83.12600E-03,+0.0E+00,-34.92462E-03
+83.15500E-03,+0.0E+00,-34.92462E-03
+83.18400E-03,-771.85929E-03,-18.59297E-03
+83.21300E-03,-530.65326E-03,-34.92462E-03
+83.24200E-03,+0.0E+00,-51.25628E-03
+83.27100E-03,+0.0E+00,-41.20603E-03
+83.30000E-03,+144.72362E-03,-34.92462E-03
+83.32900E-03,+0.0E+00,-48.74372E-03
+83.35800E-03,+0.0E+00,-31.15578E-03
+83.38700E-03,+0.0E+00,-41.20603E-03
+83.41600E-03,+771.85929E-03,-38.69347E-03
+83.44500E-03,+0.0E+00,-34.92462E-03
+83.47400E-03,+0.0E+00,-51.25628E-03
+83.50300E-03,+0.0E+00,-28.64322E-03
+83.53200E-03,+627.13567E-03,-55.02513E-03
+83.56100E-03,+0.0E+00,-21.10553E-03
+83.59000E-03,+0.0E+00,-31.15578E-03
+83.61900E-03,-530.65326E-03,-34.92462E-03
+83.64800E-03,+0.0E+00,-34.92462E-03
+83.67700E-03,+0.0E+00,-34.92462E-03
+83.70600E-03,+0.0E+00,-55.02513E-03
+83.73500E-03,+0.0E+00,-34.92462E-03
+83.76400E-03,+0.0E+00,-38.69347E-03
+83.79300E-03,+0.0E+00,-34.92462E-03
+83.82200E-03,+627.13567E-03,-47.48744E-03
+83.85100E-03,-289.44723E-03,-27.38694E-03
+83.88000E-03,-144.72362E-03,-34.92462E-03
+83.90900E-03,-530.65326E-03,-34.92462E-03
+83.93800E-03,+0.0E+00,-51.25628E-03
+83.96700E-03,-241.20603E-03,-34.92462E-03
+83.99600E-03,+0.0E+00,-18.59297E-03
+84.02500E-03,-530.65326E-03,-34.92462E-03
+84.05400E-03,+144.72362E-03,-51.25628E-03
+84.08300E-03,+0.0E+00,-48.74372E-03
+84.11200E-03,+144.72362E-03,-34.92462E-03
+84.14100E-03,+0.0E+00,-55.02513E-03
+84.17000E-03,+0.0E+00,-18.59297E-03
+84.19900E-03,+0.0E+00,-34.92462E-03
+84.22800E-03,-627.13567E-03,-14.82412E-03
+84.25700E-03,+0.0E+00,-21.10553E-03
+84.28600E-03,+144.72362E-03,-38.69347E-03
+84.31500E-03,+0.0E+00,-48.74372E-03
+84.34400E-03,-627.13567E-03,-51.25628E-03
+84.37300E-03,+0.0E+00,-34.92462E-03
+84.40200E-03,+627.13567E-03,-47.48744E-03
+84.43100E-03,+0.0E+00,-21.10553E-03
+84.46000E-03,-144.72362E-03,-38.69347E-03
+84.48900E-03,-241.20603E-03,-34.92462E-03
+84.51800E-03,+627.13567E-03,-34.92462E-03
+84.54700E-03,+530.65326E-03,-34.92462E-03
+84.57600E-03,+0.0E+00,-31.15578E-03
+84.60500E-03,+0.0E+00,-27.38694E-03
+84.63400E-03,+0.0E+00,-34.92462E-03
+84.66300E-03,+0.0E+00,-28.64322E-03
+84.69200E-03,-144.72362E-03,-34.92462E-03
+84.72100E-03,+0.0E+00,-55.02513E-03
+84.75000E-03,+144.72362E-03,-55.02513E-03
+84.77900E-03,+241.20603E-03,-27.38694E-03
+84.80800E-03,+0.0E+00,-34.92462E-03
+84.83700E-03,+0.0E+00,-48.74372E-03
+84.86600E-03,-144.72362E-03,-31.15578E-03
+84.89500E-03,+0.0E+00,-34.92462E-03
+84.92400E-03,+0.0E+00,-55.02513E-03
+84.95300E-03,+530.65326E-03,-62.56282E-03
+84.98200E-03,-144.72362E-03,-34.92462E-03
+85.01100E-03,+0.0E+00,-41.20603E-03
+85.04000E-03,+0.0E+00,-34.92462E-03
+85.06900E-03,+0.0E+00,-48.74372E-03
+85.09800E-03,+0.0E+00,-38.69347E-03
+85.12700E-03,+530.65326E-03,-41.20603E-03
+85.15600E-03,+0.0E+00,-51.25628E-03
+85.18500E-03,+0.0E+00,-48.74372E-03
+85.21400E-03,-771.85929E-03,-18.59297E-03
+85.24300E-03,+0.0E+00,-55.02513E-03
+85.27200E-03,+0.0E+00,-34.92462E-03
+85.30100E-03,+0.0E+00,-48.74372E-03
+85.33000E-03,+0.0E+00,-34.92462E-03
+85.35900E-03,+241.20603E-03,-34.92462E-03
+85.38800E-03,+144.72362E-03,-47.48744E-03
+85.41700E-03,+530.65326E-03,-34.92462E-03
+85.44600E-03,+0.0E+00,-31.15578E-03
+85.47500E-03,-530.65326E-03,-28.64322E-03
+85.50400E-03,-627.13567E-03,-51.25628E-03
+85.53300E-03,+0.0E+00,-41.20603E-03
+85.56200E-03,-144.72362E-03,-38.69347E-03
+85.59100E-03,+0.0E+00,-34.92462E-03
+85.62000E-03,+627.13567E-03,-38.69347E-03
+85.64900E-03,-530.65326E-03,-34.92462E-03
+85.67800E-03,+144.72362E-03,-18.59297E-03
+85.70700E-03,+0.0E+00,-34.92462E-03
+85.73600E-03,-627.13567E-03,-34.92462E-03
+85.76500E-03,-241.20603E-03,-21.10553E-03
+85.79400E-03,+0.0E+00,-31.15578E-03
+85.82300E-03,+241.20603E-03,-34.92462E-03
+85.85200E-03,+0.0E+00,-55.02513E-03
+85.88100E-03,-289.44723E-03,-41.20603E-03
+85.91000E-03,+0.0E+00,-38.69347E-03
+85.93900E-03,+0.0E+00,-41.20603E-03
+85.96800E-03,+0.0E+00,-34.92462E-03
+85.99700E-03,+0.0E+00,-34.92462E-03
+86.02600E-03,+0.0E+00,-34.92462E-03
+86.05500E-03,+241.20603E-03,-34.92462E-03
+86.08400E-03,+144.72362E-03,-34.92462E-03
+86.11300E-03,-530.65326E-03,-34.92462E-03
+86.14200E-03,+0.0E+00,-42.46231E-03
+86.17100E-03,+530.65326E-03,-14.82412E-03
+86.20000E-03,+144.72362E-03,-34.92462E-03
+86.22900E-03,+0.0E+00,-34.92462E-03
+86.25800E-03,+0.0E+00,-34.92462E-03
+86.28700E-03,+0.0E+00,-34.92462E-03
+86.31600E-03,+0.0E+00,-38.69347E-03
+86.34500E-03,-530.65326E-03,-34.92462E-03
+86.37400E-03,+0.0E+00,-55.02513E-03
+86.40300E-03,+0.0E+00,-34.92462E-03
+86.43200E-03,-144.72362E-03,-51.25628E-03
+86.46100E-03,+0.0E+00,-48.74372E-03
+86.49000E-03,+0.0E+00,-34.92462E-03
+86.51900E-03,+0.0E+00,-34.92462E-03
+86.54800E-03,-482.41206E-03,-34.92462E-03
+86.57700E-03,-530.65326E-03,-42.46231E-03
+86.60600E-03,+0.0E+00,-34.92462E-03
+86.63500E-03,+0.0E+00,-34.92462E-03
+86.66400E-03,+0.0E+00,-51.25628E-03
+86.69300E-03,+0.0E+00,-34.92462E-03
+86.72200E-03,-627.13567E-03,-51.25628E-03
+86.75100E-03,-530.65326E-03,-27.38694E-03
+86.78000E-03,+627.13567E-03,-34.92462E-03
+86.80900E-03,+530.65326E-03,-34.92462E-03
+86.83800E-03,+0.0E+00,-11.05528E-03
+86.86700E-03,+0.0E+00,-34.92462E-03
+86.89600E-03,+0.0E+00,-55.02513E-03
+86.92500E-03,+0.0E+00,-48.74372E-03
+86.95400E-03,+144.72362E-03,-55.02513E-03
+86.98300E-03,+530.65326E-03,-28.64322E-03
+87.01200E-03,+0.0E+00,-51.25628E-03
+87.04100E-03,+0.0E+00,-34.92462E-03
+87.07000E-03,+0.0E+00,-34.92462E-03
+87.09900E-03,+0.0E+00,-34.92462E-03
+87.12800E-03,+0.0E+00,-31.15578E-03
+87.15700E-03,-241.20603E-03,-34.92462E-03
+87.18600E-03,+771.85929E-03,-47.48744E-03
+87.21500E-03,+0.0E+00,-28.64322E-03
+87.24400E-03,-144.72362E-03,-55.02513E-03
+87.27300E-03,+0.0E+00,-34.92462E-03
+87.30200E-03,+771.85929E-03,-38.69347E-03
+87.33100E-03,+0.0E+00,-27.38694E-03
+87.36000E-03,+0.0E+00,-34.92462E-03
+87.38900E-03,+530.65326E-03,-34.92462E-03
+87.41800E-03,+0.0E+00,-51.25628E-03
+87.44700E-03,+0.0E+00,-34.92462E-03
+87.47600E-03,+627.13567E-03,-58.79397E-03
+87.50500E-03,+241.20603E-03,-34.92462E-03
+87.53400E-03,+0.0E+00,-34.92462E-03
+87.56300E-03,-241.20603E-03,-34.92462E-03
+87.59200E-03,-627.13567E-03,-18.59297E-03
+87.62100E-03,+0.0E+00,-34.92462E-03
+87.65000E-03,+144.72362E-03,-14.82412E-03
+87.67900E-03,+0.0E+00,-41.20603E-03
+87.70800E-03,+0.0E+00,-31.15578E-03
+87.73700E-03,+289.44723E-03,-14.82412E-03
+87.76600E-03,+0.0E+00,-31.15578E-03
+87.79500E-03,+0.0E+00,-34.92462E-03
+87.82400E-03,+627.13567E-03,-55.02513E-03
+87.85300E-03,-530.65326E-03,-34.92462E-03
+87.88200E-03,+627.13567E-03,-31.15578E-03
+87.91100E-03,-530.65326E-03,-14.82412E-03
+87.94000E-03,+771.85929E-03,-55.02513E-03
+87.96900E-03,-530.65326E-03,-42.46231E-03
+87.99800E-03,+0.0E+00,-34.92462E-03
+88.02700E-03,+241.20603E-03,-42.46231E-03
+88.05600E-03,+144.72362E-03,-51.25628E-03
+88.08500E-03,+0.0E+00,-21.10553E-03
+88.11400E-03,+627.13567E-03,-38.69347E-03
+88.14300E-03,+0.0E+00,-34.92462E-03
+88.17200E-03,+144.72362E-03,-51.25628E-03
+88.20100E-03,-530.65326E-03,-41.20603E-03
+88.23000E-03,+144.72362E-03,-34.92462E-03
+88.25900E-03,+0.0E+00,-14.82412E-03
+88.28800E-03,+0.0E+00,-38.69347E-03
+88.31700E-03,+0.0E+00,-34.92462E-03
+88.34600E-03,+0.0E+00,-38.69347E-03
+88.37500E-03,+530.65326E-03,-34.92462E-03
+88.40400E-03,+144.72362E-03,-34.92462E-03
+88.43300E-03,+0.0E+00,-41.20603E-03
+88.46200E-03,+144.72362E-03,-31.15578E-03
+88.49100E-03,+0.0E+00,-34.92462E-03
+88.52000E-03,+144.72362E-03,-47.48744E-03
+88.54900E-03,-530.65326E-03,-21.10553E-03
+88.57800E-03,+0.0E+00,-34.92462E-03
+88.60700E-03,+771.85929E-03,-34.92462E-03
+88.63600E-03,+627.13567E-03,-34.92462E-03
+88.66500E-03,+0.0E+00,-41.20603E-03
+88.69400E-03,+144.72362E-03,-34.92462E-03
+88.72300E-03,+530.65326E-03,-34.92462E-03
+88.75200E-03,+0.0E+00,-38.69347E-03
+88.78100E-03,+0.0E+00,-14.82412E-03
+88.81000E-03,+0.0E+00,-55.02513E-03
+88.83900E-03,+0.0E+00,-34.92462E-03
+88.86800E-03,+627.13567E-03,-34.92462E-03
+88.89700E-03,+0.0E+00,-28.64322E-03
+88.92600E-03,+0.0E+00,-18.59297E-03
+88.95500E-03,+530.65326E-03,-34.92462E-03
+88.98400E-03,+627.13567E-03,-14.82412E-03
+89.01300E-03,+0.0E+00,-34.92462E-03
+89.04200E-03,+144.72362E-03,-51.25628E-03
+89.07100E-03,+0.0E+00,-34.92462E-03
